ulice,cislo,psc,mesto
Míru,12/3,79395,Město Albrechtice
Středová,408,73543,Albrechtice-Albrechtice u Českého Těšína
Nádražní,42,67904,Adamov-Adamov 1
Albrechtice nad Vltavou,16,39816,Albrechtice nad Vltavou
Chebská,2934,35201,Aš-Aš 1
Chebská,140,35201,Aš-Aš 1
Blatnice pod Svatým Antonínkem,857,69671,Blatnice pod Svatým Antonínkem
Stupno,181,33824,Břasy-Břasy 1
Babice,87,68703,Babice
Široká,147,76331,Brumov-Bylnice-Brumov-Bylnice 1
nám. Svobody,239,68708,Buchlovice
Babice nad Svitavou,345,66401,Babice nad Svitavou
Osvobození,357,79351,Břidličná
Sportovní,0,29306,Bradlec-Kosmonosy
Brandýsek,433,27341,Brandýsek
Budišov,344,67503,Budišov
Bezručova,1064,25601,Benešov-Benešov u Prahy
Čechova,1433,25601,Benešov-Benešov u Prahy
Křižíkova,1529,25601,Benešov-Benešov u Prahy
Nádražní,414,25601,Benešov-Benešov u Prahy
Pražského povstání,1908,25601,Benešov-Benešov u Prahy
Lidická,653/18,27343,Buštěhrad
Tyršova,647/32,27343,Buštěhrad
1. máje,163,73531,Bohumín-Bohumín 3
Bezručova,1084,73581,Bohumín-Nový Bohumín
Čáslavská,243,73581,Bohumín-Bohumín 1
Okružní,1164,73581,Bohumín 1
Bedihošť,,79821,Bedihošť
nám. Míru,337,36471,Bochov
5. května,346,41801,Bílina-Bílina 1
Aléská,269,41801,Bílina-Bílina 1
Trávníky,136,67921,Bořitov-Černá Hora
Mánesova,954,68771,Bojkovice
B. Němcové,656,29471,Benátky nad Jizerou-Benátky nad Jizerou II
Bukovany,183,25741,Bukovany
Leoše Janáčka,7a,67801,Blansko 1
Nádražní,2320/10,67801,Blansko-Blansko 1
nám. Míru,1481/1,67801,Blansko-Blansko 1
Rožmitálova,1813/7,67801,Blansko-Blansko 1
Sokolovská,1027/1a,74723,Bolatice
Bílovice,400,68712,Bílovice
tř. Masarykova,235,55001,Broumov-Broumov 1
Na Sídlišti,697,74787,Budišov nad Budišovkou
Pod stadionem,351,39843,Bernartice-Bernartice u Milevska
Bravantice,78,74281,Bravantice
Na Výsluní,980,29401,Bakov nad Jizerou
Kostelecká,1529,25001,Brandýs nad Labem-Stará Boleslav-Brandýs nad Labem-Stará Boleslav 1
Krajířské nám.,1762,25001,Brandýs nad Labem-Stará Boleslav-Brandýs nad Labem-Stará Boleslav 1
Zápská,1543/28,25001,Brandýs nad Labem-Stará Boleslav-Brandýs nad Labem-Stará Boleslav 1
Z��pská,275,25001,Brandýs nad Labem-Stará Boleslav-Brandýs nad Labem-Stará Boleslav 1
Masarykovo nám.,58,59301,Bystřice nad Pern��tejnem
Obřanská,489,66401,Bílovice nad Svitavou
Bánov,507,68754,Bánov
17. listopadu,146/27,74301,Bílovec-Bílovec 1
Dukelská,232/3,74301,Bílovec-Bílovec 1
Opavská,1159/57,74301,Bílovec-Bílovec 1
Nádražní,441,68501,Bučovice
Okružní,366,41118,Budyně nad Ohří
Na Máchovně,1610,26601,Beroun-Beroun 1
Okružní,1481,26601,Beroun-Beroun-Město
Škroupova,854,26601,Beroun-Beroun 1
Švermova,1368/2,26601,Beroun-Beroun-Město
Lidická,669/53,26601,Beroun-Beroun 1
Nová Hospoda,32/32,34802,Bor-Bor u Tachova
nám. Republiky,626,34802,Bor-Bor u Tachova
Hybešova,46/73,68001,Boskovice
Chrudichromská,2454/3,68001,Boskovice
Na Skalce,1820/10,68001,Boskovice
nám. Dr. Snětiny,2275/2,68001,Boskovice
Sokolská,1235/38,68001,Boskovice
Borotín,55,39135,Borotín
Žižkovo nám.,57,37312,Borovany
Paninodvorská,1010,29421,Bělá pod Bezdězem
Biskupice,,76341,Biskupice-Biskupice u Luhačovic
Bystřice p.Host.,,76861,Bystřice pod Hostýnem-Bystřice pod Hostýnem 1
Tyršova,642,76861,Bystřice pod Hostýnem-Bystřice pod Hostýnem 1
Dvořákova,624,40722,Benešov nad Ploučnicí
Sídliště,695,40722,Benešov nad Ploučnicí
Spojovací,669,59301,Bystřice nad Pernštejnem
17. listopadu,2964,69002,Břeclav-Břeclav 2
Fügnerova,2363,69002,Břeclav-Břeclav 2
Lidická,2183,69003,Břeclav-Břeclav 3
Lidická,3341/137,69002,Břeclav-Břeclav 2
Na Valtické,338/5,69141,Břeclav-Břeclav 4
Dobrovická,377,29473,Brodce-Brodce nad Jizerou
Březnice,485,76001,Březnice
Březnice,,26272,Březnice
L. Kuby,251,26272,Březnice
Brloh,56,38206,Brloh
Bystrcká,38,62400,Brno-Brno-Komín
Čeňka Růžičky,777/14,62500,Brno-Bohunice
Černopolní,214/18,61300,Brno-Brno-sever
Fryčajova,532/147,61400,Brno-Maloměřice a Obřany
52,11,63900,Brno-střed
Hradecká,279/46,62100,Brno-Ivanovice
Josefy Faimonové,11b,62800,Brno-Líšeň
Jakuba Obrovského,1389/1b,63500,Brno-Brno-Bystrc
Karlova,7,61400,Brno-Maloměřice a Obřany
Kaštanová,506/50,62000,Brno-Tuřany-Brněnské Ivanovice
Kotlanova,2162/5,62800,Brno-Líšeň
Kroupova,47,62500,Brno-Starý Lískovec
Křenová,299,60200,Brno-střed-Trnitá
Kubíčkova,8,63500,Brno-Bystrc
Labská,152/29,62500,Brno-Starý Lískovec
Lidická,965/31,60200,Brno-střed-Veveří
Loosova,262/1,63800,Brno-sever-Lesná
Masarykova,123,66442,Modřice
nám. 28. dubna,1,63500,Brno-Bystrc
nám. SNP,1140/32,61300,Brno-sever-Černá Pole
Netroufalky,5,62500,Brno-Brno-Bohunice
Palachovo nám.,2,62500,Brno-Starý Lískovec
Nováčkova,1542/13,61400,Brno-sever-Husovice
Novoměstská,1a,62100,Brno-Brno-Řečkovice a Mokrá Hora
Franzova,0,61400,Brno-Brno-Maloměřice a Obřany
Okružní,834/29A,63800,Brno-Brno-sever
Okružní,275/9,63800,Brno-sever-Lesná
Dalimilova,148a,61200,Brno-Královo Pole
Panská,393/6,60200,Brno-střed
Anenská,54/22,60200,Brno-střed
Pěkná,51,64300,Brno-Chrlice
Pražská,6,64200,Brno-Bosonohy
Příkop,843/4,60200,Brno-Brno-střed
Ren��ova,1945/26,62100,Brno-Řečkovice a Mokrá Hora
Rolencova,492/77,62000,Brno-Tuřany-Brněnské Ivanovice
Sedláčkova,2557/4,62800,Brno-Brno-Líšeň
Spáčilova,1109/15,61800,Brno-Brno-Černovice
Sportovní,559,60200,Brno-Brno-Královo Pole
Stará osada,,61500,Brno-Brno-Židenice
Stránského,3033,61600,Brno-Žabovřesky
Sokolnická,73/1,62000,Brno-Tuřany
Svatopetrská,672/26,61700,Brno-jih
Táborská,4356/224,61500,Brno-Brno-Židenice
Tilhonova 1218/28/627,00,62700,Slatina
Tuřanka,1554,62700,Slatina
U Červeného mlýna,1,61200,Brno-Královo Pole
U Dálnice,777,66442,Modřice
U Leskavy,10,62500,Brno-Starý Lískovec
U Pošty,402/14,62500,Brno-Starý Lískovec
U Sokolovny,396,63500,Brno-Bystrc
Úvoz,447/120,60200,Brno-Brno-střed
Veslařská,549/52,63700,Brno-Brno-Jundrov
Vídeňská,291,63900,Brno-střed
Viniční,3067,61500,Brno-Židenice
Vodní,264/17,60300,Brno-střed-Staré Brno
Výstaviště,405/1,60300,Brno-st��ed
Bešůvka,785/3,64100,Brno-Žebětín
Zikova,1,62800,Brno-Líšeň
Boleslavská,1901/1901,25001,Brandýs nad Labem-Stará Boleslav-Brandýs nad Labem-Stará Boleslav 1
Družstevní,422,25751,Bystřice-Bystřice u Benešova
Nábřeží,512,73944,Brušperk
Sportovců,0,27351,Braškov-Unhošť
Nad Vdovečkem,1123,38801,Blatná
náměstí J. A. Komenského,53,38801,Blatná
Butoves,63,50601,Butoves
Družstevní,262/25,58851,Batelov
nám. Míru,535/41,58851,Batelov
Boršice u Blatnice,307,68763,Boršice u Blatnice
Cihelní,1345/2,79201,Bruntál-Bruntál 1
Dolní,1566/2,79201,Bruntál-Bruntál 1
Nádražní,1443/3,79201,Bruntál-Bruntál 1
Borová,100,56982,Borová
789,61,,Bludov
5. května,653,33601,Blovice
Jirotova,375,33601,Blovice
Tyršova,270,33601,Blovice
Bystřec,333,56154,Bystřec
U Vodojemu,991,39165,Bechyně
Březová,50,76315,Březová
Bezno,311,29429,Bezno
Chaloupky,26,26762,Chaloupky
Krále Jiřího,207/207,28201,Český Brod
Žižkova,1413,28201,Český Brod
Krčínova,1086,37011,České Budějovice-České Budějovice 2
České Vrbné,2376,37011,České Budějovice-České Budějovice 2
Dlouhá,889/35,37011,České Budějovice-České Budějovice 11
Dobrovodská,33,37006,České Budějovice-České Budějovice 6
Františka Antonína Gerstnera,5/1,37001,České Budějovice-České Budějovice 1
Hradební,362/10,37001,České Budějovice-České Budějovice 1
Hrdějovice,396,37361,Hrdějovice
Husova tř.,523,37005,České Budějovice-České Budějovice 5
Husova tř.,523/30,37005,České Budějovice-České Budějovice 5
J. Boreckého,1661/34,37011,České Budějovice-České Budějovice 5
K. Štěcha,1264/26,37005,České Budějovice-České Budějovice 2
Kaliště,2339,37006,České Budějovice-České Budějovice 6
Kněžskodvorská 370,04,37004,České Budějovice-České Budějovice 4
M. Horákové,1437,37005,České Budějovice-České Budějovice 5
M. Horákové,1364/2,37005,České Budějovice 2
M. Horákové,1657/24,37005,České Budějovice-České Budějovice 5
M. Vydrové,22,37001,České Budějovice 1
Na Zlaté stoce,551/14,37005,České Budějovice-České Budějovice 2
Nádražní,1759,37001,České Budějovice-České Budějovice 1
Okružní,517/10,37001,České Budějovice-České Budějovice 1
Otakarova,1155/65,37001,České Budějovice-České Budějovice 3
Písecká,1459/42,37011,České Budějovice-České Budějovice 2
Pražská tř.,2006/137,37010,České Budějovice-České Budějovice 10
Pražská tř.,2176/65,37004,České Budějovice-��eské Budějovice 4
Pražská tř.,2540,37004,České Budějovice 4
Pražská tř.,1247/24,37004,České Budějovice 4
Rudolfovská tř.,214/72,37001,České Budějovice-České Budějovice 4
Suchomelská,2251,37004,České Budějovice-České Budějovice 4
Suchovrbenské nám.,1,37006,České Budějovice-České Budějovice 6
Za Otýlií,2874/6,37004,České Budějovice-České Budějovice 4
Pernerova,394,56501,Choceň-Choceň 1
Chocerady,327,25724,Chocerady
Rooseveltova,846,35735,Chodov-Chodov u Karlových Var 1
Smetanova,699,35735,Chodov-Chodov u Karlových Var 1
Tovární,726,35735,Chodov-Chodov u Karlových Var 1
T. G. Masaryka,224,37810,České Velenice
třída Čsl. legií 649,10,37810,České Velenice
Sídliště,591,47154,Cvikov-Cvikov II
Pivovarská,308,47154,Cvikov-Cvikov II
Náchodská,1235,54941,Červený Kostelec
Stankovského,1941,25088,Čelákovice
Toušeňská,2044,25088,Čelákovice
Rooseveltova,36,38101,Český Krumlov-Český Krumlov 1
Sídl. Plešivec,254,38101,Český Krumlov-Český Krumlov 1
Tovární,164,38101,Český Krumlov-Český Krumlov 1
Antonína Sovy,2119,47001,Česká Lípa-Česká Lípa 1
Děčínská,3422,47001,Česká Lípa-Česká Lípa 1
Děčínská,6,47001,Česká Lípa-Česká Lípa 1
Erbenova,2906,47001,Česká Lípa-Česká Lípa 1
Hrnčířská,2985,47001,Česká Lípa-Česká Lípa 1
Máchova,1114/10,47001,Česká Lípa-Česká Lípa 1
Chvalšiny,12,38208,Chvalšiny
Ústecká,255,40339,Chlumec-Chlumec u Ústí nad Labem
Čimelice,279,39804,Čimelice
Osvobození,291,51771,České Meziříčí
U Stadionu,362,33442,Chlumčany-Chlumčany u Přeštic
Kozelkova,26,50351,Chlumec nad Cidlinou
Malá Čermná,45,51725,Čermná nad Orlicí
Černilov,31,50343,Černilov
Táborská,131,39137,Chotoviny
Janáčkova,52,53345,Čeperka-Opatovice nad Labem
V Uličce,6,28121,Červené Pečky
Andělohorská,373,46331,Chrastava
Jiráskova,223/223,43901,Černčice
Moravská,887/887,76811,Chropyně
Cerekvice nad Loučnou,171,56953,Cerekvice nad Loučnou
28. října,377/377,55203,Česká Skalice
Jeníkovská,2062,28601,Čáslav
Čistá,376,56956,Čistá
Dr. E. Beneše,642,56002,Česká Třebová-Česká Třebová 2
Litomyšlská,118,56002,Česká Třebová-Česká Třebová 2
Moravská,1908,56002,Česká Třebová-Česká Třebová 2
Trávník,155,56002,Česká Třebová-Česká Třebová 2
Jablunkovská,1206,73701,Český Těšín-Český Těšín 1
Jablunkovská,2041/38,73701,Český Těšín-Český Těšín 1
Karvinská,51,73701,Český Těšín-Český Těšín 1
Polní,1900/54,73701,Český Těšín-Český Těšín 1
Slezská,1483,73701,Český Těšín-Český Těšín 1
Havlíčkova,1842,58301,Chotěboř
Krále Jana,1333,58301,Chotěboř
Průmyslová,1888,58301,Chotěboř
Církvice,8,28533,Církvice
Družstevní,28,25303,Chýně-Hostivice
Hlavní,182,25303,Chýně-Hostivice
Čížová,96,39831,Čížová
Rukavičkářská,871,26301,Dobříš
Hodonínská,1819,69603,Dubňany
Průběžná,192,25261,Dobrovíz-Jeneč
Strojírenská,160,38001,Dačice
Nivy 380,01,38001,Dačice
17. listopadu,381/1,40502,Děčín-Děčín 2
Oblouková,1364/39B,40502,Děčín-Děčín 2
Cihelná,620,40502,Děčín-Děčín 2
Kamenická,642/103,40502,Děčín-Děčín 2
Košická,101,40505,Děčín-Děčín 5
Slovanská,1460/65,40502,Děčín-Děčín 2
Studniční,416,40711,Děčín-Děčín 9
Teplická,761/107,40505,Děčín-Děčín 5
Děčín,,40502,Děčín-Děčín 2
Za Bažantnicí,1504/52,40502,Děčín-Děčín 2
Žerotínova,389/59,40502,Děčín-Děčín 2
Na Návsi,47,25219,Drahelčice-Rudná u Prahy
Krkonošská,612,46861,Desná-Desná v Jizerských horách
Horská cesta,1243,41901,Duchcov
56150,,74722,Dolní Benešov
V Hůrce,489/489,25101,Dobřejovice-Říčany u Prahy
nám. Míru,482/15,66464,Dolní Kounice
Alešova,3083,54401,Dvůr Králové nad Labem-Dvůr Králové nad Labem 1
Čelakovského,2246,54401,Dvůr Králové nad Labem-Dvůr Králové nad Labem 1
Erbenova,2928,54401,Dvůr Králové nad Labem-Dvůr Králové nad Labem 1
Dukovany,268,67556,Dukovany
Dvorská,562,78386,Dlouhá Loučka
Dalečín,49,59241,Dalečín
Čs. tankistů,93,74766,Dolní Lhota
Dolany,58,78316,Dolany
Doloplazy,305,78356,Doloplazy
Kozinova,380,34401,Domažlice-Domažlice 1
Mánesova,569,34401,Domažlice-Domažlice 1
Brodecká,2,78375,Dub nad Moravou
Dukelská,91,51742,Doudleby nad Orlicí
Klemov,359,67911,Doubravice nad Svitavou
nám. Svobody,31,67911,Doubravice nad Svitavou
Nádražní,533,51801,Dobruška
Solnická,1059,51801,Dobruška
Husova,319/319,29441,Dobrovice
Vrchlického,307/4,69183,Drnholec
Dřísy,187,27714,Dřísy
Křičenského,451,53303,Dašice-Dašice v Čechách
Dolní Třebonín,16,38201,Dolní Třebonín
Dlouhá,286/6,41702,Dubí-Dubí u Teplic 2
Sídl. Družba,,41701,Dubí-Dubí u Teplic 1
Ruská,179,41701,Dubí-Dubí u Teplic 1
Zahradní,331/34,41701,Dubí-Dubí u Teplic 1
Osecká,1470/163,41901,Duchcov
Osecká,1317/3,41901,Duchcov
Dubné,214,37384,Dubné
Lázeňská,1514/58,37316,Dobrá Voda u Českých Budějovic
K Pivovaru,302,25206,Davle
Bystřická,37,75114,Dřevohostice
Dolní Rožínka,38,59251,Dolní Rožínka
Pražská,454,25241,Dolní Břežany
17. Listopadu,2262,73801,Frýdek-Místek-Frýdek-Místek 1
Dobrá,1130,73951,Dobrá
Frýdlantská,770,73801,Frýdek-Místek 1
Heydukova,85,73801,Frýdek-Místek-Frýdek-Místek 1
Na Příkopě,3727,73801,Frýdek-Místek-Frýdek-Místek 1
Nádražní - lok.18,,73801,Frýdek-Místek-Frýdek-Místek 1
Nové dvory-Kamenec,3439,73801,Frýdek-Místek-Frýdek-Místek 1
Pionýrů,1758,73801,Frýdek-Místek-Frýdek-Místek 1
Revoluční,533,73801,Frýdek-Místek-Frýdek-Místek 1
Slezská,3505,73801,Frýdek-Místek-Frýdek-Místek 1
Frýdštejn,30,46342,Frýdštejn
Bezručova,317,73911,Frýdlant nad Ostravicí
Fügnerova,1024,46401,Frýdlant-Frýdlant v Čechách
Břet. Bartoše,,74401,Frenštát pod Radhoštěm
Křižíkova,1392,74401,Frenštát pod Radho��těm
Lichnov,487,74275,Lichnov
U Příkopy,1915,74401,Frenštát pod Radhoštěm
Holešovská,166,76316,Fryšták
Májová,355/22,35101,Františkovy Lázně
5. května,8,58282,Golčův Jeníkov
Hošťálková,516,75622,Hošťálková
Tř. 1. máje,492,33012,Horní Bříza
K Aleji,3977,58001,Havlíčkův Brod-Havlíčkův Brod 1
Jihlavská,4240,58001,Havlíčkův Brod-Havlíčkův Brod 1
Kyjovská,1625,58001,Havlíčkův Brod-Havlíčkův Brod 1
Máchova,1154,58001,Havlíčkův Brod-Havlíčkův Brod 1
Žižkova,3329,58001,Havlíčkův Brod 1
Sídl. Pražská,2902,58001,Havlíčkův Brod-Havlíčkův Brod 1
Průmyslová,1907,58001,Havlíčkův Brod-Havlíčkův Brod 1
Horní Branná,262,51236,Horní Branná
Podřipská,22,41185,Horní Beřkovice
1. máje,847,35709,Habartov
Československé armády,811,35709,Habartov
Kosmonautů,438,78365,Hlubočky-Hlubočky 3
J. Seiferta,1482,74801,Hlučín
U Cihelny,230/3,74801,Hlučín
Dobrovolského,488/3,69501,Hodonín-Hodonín 1
Měšťanská,131,69501,Hodonín-Hodonín 1
Svatopluka Čecha,3608/9,69501,Hodonín-Hodonín 1
Velkomoravská,4100/22,69501,Hodonín-Hodonín 1
Hrabišín,65,78804,Hrabišín
Dukelská,150,53374,Horní Jelení
Havlíkova,49/1,43543,Horní Jiřetín
nám. Míru,29,67167,Hrušovany nad Jevišovkou
Halenkovice,246,76363,Halenkovice
A. Dvořáka,1492/10,50002,Hradec Králové-Hradec Králové 2
Bratří Štefanů,994,50003,Hradec Králové-Hradec Kr��lové 3
Gočárova tř.,1754/48a,50002,Hradec Králové-Hradec Králové 2
Jilmová,1923,50008,Hradec Králové-Nový Hradec Králové
K Sokolovně,30,50341,Hradec Králové-Hradec Králové 7
K Zastávce,46/2,50341,Hradec Králové-Hradec Králové 7
Kladská,1088/25A,50003,Hradec Králové-Hradec Králové 3
Krapkova,689/15,50009,Hradec Králové-Hradec Králové 9
Kuklenská,1730/10a,50002,Hradec Králové-Hradec Králové 2
Kutnohorská,226,50004,Hradec Králové-Hradec Králové 4
Lhotecká,191/16A,50009,Hradec Králové-Hradec Králové 9
Machkova,42,50011,Hradec Králové-Hradec Králové 11
Na Občinách,960/4,50009,Hradec Králové-Nový Hradec Králové
Rovná,181,50002,Hradec Králové-Hradec Králové 22
Říčařova,162,50301,Hradec Králové-Hradec Králové 16
Sportovní,636/52,50009,Hradec Králové-Hradec Králové 9
Střelecká,45/2,50002,Hradec Králové-Hradec Králové 2
Na Potoce,691/30,50011,Hradec Králové-Hradec Králové 11
Skupova,1101/4,50003,Hradec Králové-Hradec Králové 3
Zemědělská,880/1,50003,Hradec Králové-Hradec Králové 3
Bří Čapků,951,53401,Holice-Holice v Čechách
Hradecká,1265,53401,Holice-Holice v Čechách
Za Zámkem,161,68725,Hluk
Družstevní,1531,53901,Hlinsko-Hlinsko v Čechách 1
Kavánova,430,53901,Hlinsko-Hlinsko v Čechách 1
Palackého,520,76901,Holešov
Sušilova,339,76901,Holešov
Tovární,0,76901,Holešov
Huslenky,573,75602,Huslenky
Nebušická,709,25262,Horoměřice
Přímá,83,25262,Horoměřice
Na Návsi,11,37001,Homole-České Budějovice 1
Na Holbě,244,78833,Hanušovice
Nádražní,450,75301,Hranice-Hranice 1
Struhlovsko,1217/1217,75301,Hranice-Hranice 1
Studentská,1926,75301,Hranice-Hranice 1
Tř. Československé armády,1033,75301,Hranice-Hranice 1
Horní Němčí,128,68764,Horní Němčí
Hořice na Šumavě,147,38222,Hořice na Šumavě
Podskalí,394,37341,Hluboká nad Vltavou
Potoční,1634/1634,37341,Hluboká nad Vltavou
Horní Bečva,606,75657,Horní Bečva
Na Bahnech,601,37361,Hrdějovice
Holasice,,66461,Holasice-Rajhrad
Masarykova,1503/20a,26801,Hořovice
Pražská,1349/22,26801,Hořovice
Horní Stropnice,47,37335,Horní Stropnice
Husova,307,41752,Hostomice-Hostomice nad Bílinou
Táborová,585,34562,Holýšov
Havlíčkovo nám.,90,39601,Humpolec
Kamarytova,1329,39601,Humpolec
G2Q2+G2 Počaply-Březnice,,,Czechia
693,01,,Hustopeče-Hustopeče u Brna
U Větrolamu,1161/15,69301,Hustopeče-Hustopeče u Brna
Náměstí,38,38226,Horní Planá
Sídl. Míru,295,38226,Horní Planá
Opavská,143,74741,Hradec nad Moravicí
Čelakovského,2122,50801,Hořice-Hořice v Podkrkonoší
Přemyslova,372,50801,Hořice-Hořice v Podkrkonoší
Horní Ředice,122,53375,Horní Ředice
Tř. 1. máje,1901,75301,Hranice-Hranice 1
Zborovská,606,75301,Hranice-Hranice 1
Hrobčice,107,41757,Hrobčice
Karlovarská,37,36233,Hroznětín
Harrachov,,51246,Harrachov-Harrachov v Krkonoších
Nový Svět,705,51246,Harrachov-Harrachov v Krkonoších
Palackého,413,54931,Hronov-Hronov 1
Litovická,1233,25301,Hostivice
Sportovců,14,25301,Hostivice
Těrlická,1280/2a,73535,Horní Suchá
Karlštejnská,150,26718,Hlásná Třebaň-Karlštejn
nám. Republiky,2,35731,Horní Slavkov
Nová,101,35731,Horní Slavkov
Dr. E. Beneše,13,34601,Horšovský Týn
Hutisko-Solanec,734,75662,Hutisko-Solanec
Hrušky,2,68352,Hrušky
Kubátova,155,41722,Háj u Duchcova
U Střediska,271/3,74716,Hať-Hať u Hlučína
Eduarda Světlíka,384,76824,Hulín
Sadová,1008,76824,Hulín
Višňovce,1215,76824,Hulín
U Špýcharu,25064,25064,Hovorčovice-Měšice u Prahy
Hovězí,78,75601,Hovězí
Hněvotín,573,78347,Hněvotín
Antonína Vaška,9,74792,Háj ve Slezsku
Dělnická,1565/24c,73601,Havířov-Havířov 1
Dlouhá tř.,1623/44D,73601,Havířov-Havířov 1
E. F. Buriana,869/4a,73601,Havířov-Havířov 1
Gen. Svobody,20,73601,Havířov-Havířov 1
Hornická,1397/9a,73564,Havířov-Havířov 4
Jarošova,1,73601,Havířov 1
Kollárova,1474/1A,73601,Havířov-Havířov 1
Lidická,886/43,73601,Havířov 1
M. Pujmanové,524/1A,73601,Havířov-Havířov 1
Mládežnická,1575/8,73601,Havířov-Havířov 1
Moravská,516/18,73601,Havířov-Havířov 1
Studentská,1592/9A,73601,Havířov-Havířov 1
Těšínská,1100/50A,73601,Havířov-Havířov 1
Železničářů,1303/8,73601,Havířov-Havířov 1
Železničářů,1529,73601,Havířov-Havířov 1
Loretská,169,34101,Horažďovice
Dragounská,2563/4,35002,Cheb-Cheb 2
Svobody 350,02,35002,Cheb-Cheb 2
Wolkerova,2743/32,35002,Cheb-Cheb 2
U Kult. domu,351,53312,Chvaletice
Klicperova,4873,43003,Chomutov-Chomutov 3
Blatenská,4040,43003,Chomutov-Chomutov 3
Nádražní,593,43003,Chomutov-Chomutov 3
Jiráskova,4170,43003,Chomutov-Chomutov 3
Jiráskova,5959,43003,Chomutov-Chomutov 3
Písečná,5583,43004,Chomutov 4
Písečná,5376,43000,Chomutov-Chomutov 4
Pod Břízami,5251,43004,Chomutov-Chomutov 4
Pod Strážištěm,5723,43004,Chomutov-Chomutov 4
Žižkovo nám.,5762,43001,Chomutov-Chomutov 1
Chotyně,158,46334,Chotyně
Podhomolí,1555,56501,Choceň-Choceň 1
Dašická,1228,53701,Chrudim-Chrudim 1
Dr.Milady Horákové,10,53701,Chrudim-Chrudim 1
Na Ostrově,,53701,Chrudim-Chrudim 1
Na rozhledně,,53701,Chrudim-Chrudim 1
Palackého tř.,764,53701,Chrudim-Chrudim 1
Topolská,1204,53705,Chrudim-Chrudim IV
Bílkova,294/294,39155,Chýnov
Palackého nám.,145/16,68323,Ivanovice na Hané
Na Hrázi,169/25,66491,Ivančice
Oslavanská,1548,66491,Ivančice
Rybářská,33,66491,Ivančice
Dalešická,184,46801,Jablonec nad Nisou-Jablonec nad Nisou 8
Jablonec nad Jizerou,800,51243,Jablonec nad Jizerou
Jablůnka,54,75623,Jablůnka
Na Kopci,3297/8,46601,Jablonec nad Nisou-Jablonec nad Nisou 1
Podhorská,5265,46602,Jablonec nad Nisou-Jablonec nad Nisou 2
Riegrova,4067/38,46601,Jablonec nad Nisou-Jablonec nad Nisou 1
Rooseveltova,2850/1,46601,Jablonec nad Nisou-Jablonec nad Nisou 1
Smetanova,69,46601,Jablonec nad Nisou-Jablonec nad Nisou 1
Zemědělská,47,46605,Jablonec nad Nisou-Jablonec nad Nisou 5
Želivského,5231/2a,46605,Jablonec nad Nisou-Jablonec nad Nisou 5
Alej míru,321,73991,Jablunkov
B. Němcové,50,50601,Jičín-Jičín 1
Hradecká,1141,50601,Jičín-Jičín 1
Jungmannova,34,50601,Jičín-Jičín 1
K. Vika,368,50601,Jičín-Jičín 1
Leoše Janáčka,888,50601,Jičín-Jičín 1
Prachovská,423,50601,Jičín-Jičín 1
Havlíčkovo nám.,,67906,Jedovnice
Jevišovice,332,67153,Jevišovice
Brněnská,4971/74,58601,Jihlava-Jihlava 1
Březinova,4248/62,58601,Jihlava-Jihlava 1
Jiráskova,5201/66,58601,Jihlava-Jihlava 1
Pávovská,4806/14A,58601,Jihlava-Jihlava 1
Rantířovská,4787/1,58601,Jihlava-Jihlava 1
Vrchlického,4843/61,58601,Jihlava-Jihlava 1
Jalubí,548,68705,Jalubí
Modrá,176,40702,Jílové-Modrá u Děčína
Palackého,771,67531,Jemnice
Na Rejsce,345,55101,Jaroměř-Pražské Předměstí
Pionýrská,713,55101,Jaroměř-Jaroměř 1
Svatopluka Čecha,63,55101,Jaroměř-Jaroměř 1
28. října,528,37701,Jindřichův Hradec-Jindřichův Hradec III
9. května,875,37701,Jindřichův Hradec-Jindřichův Hradec II
sídl. Vajgar,595,37701,Jindřichův Hradec-Jindřichův Hradec 1
sídl. U Nádraží,940,37701,Jindřichův Hradec-Jindřichův Hradec 1
Václavská,1756,37701,Jindřichův Hradec-Jindřichův Hradec 1
sídl. Vajgar,730,37701,Jindřichův Hradec-Jindřichův Hradec III
Komenského,1029,67551,Jaroměřice nad Rokytnou
Sídliště,296,34021,Janovice nad Úhlavou
Jenišov,125,36001,Jenišov
Jindřichovice pod Smrkem,392,46365,Jindřichovice pod Smrkem
K. Marxe,1691,43111,Jirkov-Jirkov 1
U Sauny,1739,43111,Jirkov-Jirkov 1
Vinařická č. ev.,2152,43111,Jirkov-Jirkov 1
Hlavní,183,25090,Jirny-Nové Jirny
Na Ochoze,1270,25242,Jesenice-Jesenice u Prahy
Ve Dvoře,807,25242,Jesenice-Jesenice u Prahy
Lipovská,32,79001,Jeseník-Jeseník 1
Sadová,1376/5,79001,Jeseník-Jeseník 1
Tylova,1154/1,79001,Jeseník-Jeseník 1
Jistebník,158,74282,Jistebník
Radlík,156,25401,Jílové u Prahy
Pražská,48,25401,Jílové u Prahy
Rudných dolů,502,25401,Jílové u Prahy
Tyršova,264,25401,Jílové u Prahy
kulturní dům,,79070,Javorník-Javorník u Jeseníku
Palackého nám.,638,56943,Jevíčko
Zdislavy z Lemberka,137,47125,Jablonné v Podještědí
Kpt. Jaroše,1954,43201,Kadaň-Kadaň 1
Na Podlesí,1482/1482,43201,Kadaň-Kadaň 1
Borovského,169/103,73401,Karviná-Karviná 4
Einsteinova,2867/4,73301,Karviná-Karviná 1
Fryštátská,235/77,73301,Karviná-Karviná 1
Janského,2458/4,73506,Karviná-Karviná 6
Karola Śliwky,147/13,73301,Karviná-Karviná 1
nám. Gagarinovo,5,73401,Karviná-Karviná 4
Sportovní,1797/2,73506,Karviná-Karviná 1
Stavbařů,2203/38,73401,Karviná-Karviná 4
Svatopluka Čecha,733/5,73301,Karviná-Karviná 1
tř. 17. listopadu,23/2,73301,Karviná-Karviná 1
tř. 17. listopadu 883/2a Kóje v OD TESCO,,73401,Karviná-Karviná 4
Ciolkovského,762/30B,73401,Karviná-Karviná 4
Žižkova,221/52,73301,Karviná-Karviná 4
Kájovská,22,38221,Kájov
Moravská,999,56169,Králíky
Autobusové nádraží,,74727,Kobeřice
Mikuláše Střely,223,58266,Krucemburk
Komenského,228,34506,Kdyně
Nádražní,747,34506,Kdyně
Kasejovice,267,33544,Kasejovice
U Sklepů,90/11,69701,Kyjov-Kyjov 1
28. října,166,27309,Kladno-Kladno 7
Americká 2777 uvnitř obchodu,,27201,Kladno-Kladno 1
Americká,2445,27201,Kladno-Kladno 1
Braunova,75,27201,Kladno-Kladno 1
Libušina,3/1009,27203,Kladno 3
nám. Sítná,3127,27201,Kladno-Kladno 1
Pařížská,1,27201,Kladno 1
Smečenská,1081,27204,Kladno-Kladno 4
Kladno,1,27201,Kladno
Pod Svahem,1731,27309,Kladno-Kladno 7
Okrsek,4,27201,Kladno-Kladno 1
Vančurova,1548,27201,Kladno-Kladno 1
Vítězslava Nezvala,756,27201,Kladno-Kladno 4
Vrchlického,2363,27201,Kladno-Kladno 1
Náměstí,71,74283,Klimkovice
Žatecká,866,33141,Kralovice
Proskovická,210,73924,Krmelín
ul. 5. května,689,33901,Klatovy-Klatovy 1
Domažlická,909,33901,Klatovy-Klatovy 1
K Letišti,385,33901,Klatovy-Klatovy II
Plánická,626,33901,Klatovy-Klatovy IV
Puškinova,135,33901,Klatovy-Klatovy 1
Sídl. U Pošty,683,33901,Klatovy-Klatovy III
Benešovská,207,25168,Kamenice
Pražská,400,25168,Kamenice
Krauzovna,81,27741,Kly
Buzulucká,26762,26762,Komárov-Komárov u Hořovic
Pod koupalištěm,901,29306,Kosmonosy
Hanácké nám.,475/3,76701,Kroměříž-Kroměříž 1
Slovanské nám.,3283/5,76701,Kroměříž-Kroměříž 1
Spáčilova,569,76701,Kroměříž-Kroměříž 1
Tovačovského,4423,76701,Kroměříž-Kroměříž 1
Na Hrázi,718/1A,76701,Kroměříž-Kroměříž 1
Vodní,79/21,76701,Kroměříž-Kroměříž 1
Přemyslova,211,27713,Kostelec nad Labem
Náměstí,19,28933,Křinec
Vrbová,59/59,25169,Kunice-Velké Popovice
Tyršova,975,79841,Kostelec na Hané
Střížovická,220,37862,Kunžak
Kunín,189,74253,Kunín
Budovatelská,487,43151,Klášterec nad Ohří-Klášterec nad Ohří 1
Chomutovská,210,43151,Klášterec nad Ohří-Klášterec nad Ohří 1
J. A. Komenského,697,43151,Klášterec nad Ohří-Klášterec nad Ohří 1
Polní,782,43151,Klášterec nad Ohří-Klášterec nad Ohří 1
Pelhřimovská,759,39470,Kamenice nad Lipou
Za Kult. domem,640,39470,Kamenice nad Lipou
Přemyslova,134/114,27801,Kralupy nad Vltavou-Kralupy nad Vltavou 1
Chelčického,688,27801,Kralupy nad Vltavou-Kralupy nad Vltavou 1
Mostní,934,27801,Kralupy nad Vltavou-Kralupy nad Vltavou 1
U Dýhárny,1162,27801,Kralupy nad Vltavou-Kralupy nad Vltavou 1
Veltruská,815,27801,Kralupy nad Vltavou 1
U Sokolovny,277,75605,Karolinka
Palackého,317,34543,Koloveč
Ovčárecká,509,28002,Kolín-Kolín 2
Kostnická,1,28002,Kolín-Kolín 2
Pražská,302,28002,Kolín-Kolín II
Pražská,1005/1005,28002,Kolín-Kolín II
V Kasárnách,1019,28002,Kolín-Kolín 2
V Opletkách,585,28002,Kolín-Kolín 2
Tyršova,392,79852,Konice
Kosoř,,25226,Kosoř-Třebotov
Por. Hoši,411/16,74711,Kozmice-Kozmice u Hlučína
Míru,756,38241,Kaplice-Kaplice 1
Na Vyhlídce,924/924,38241,Kaplice-Kaplice 1
Zahradní,636,38241,Kaplice-Kaplice 1
Kunčice pod Ondřejníkem,70,73913,Kunčice pod Ondřejníkem
Kostomlaty pod Řípem,160,41301,Kostomlaty pod Řípem
Slámova,925/2,74721,Kravaře-Kravaře u Hlučína
Opavská,954/61,74721,Kravaře-Kravaře u Hlučína
nám. Míru,3,26701,Králův Dvůr-Králův Dvůr u Berouna
Plzeňská,153,26701,Králův Dvůr-Králův Dvůr u Berouna
Pod Hájem,319,26701,Králův Dvůr-Králův Dvůr u Berouna
Albrechtická,1787/121,79401,Krnov-Krnov 1
nám. Minoritů,30,79401,Krnov-Krnov 1
Smetanův okruh,338,79401,Krnov-Krnov 1
Krouna,426,53943,Krouna
"9 9""N",,41742,Mělník-Krupka 1
Školní,430,43981,Kryry
Náměstí,274,38203,Křemže
Kašava,175,76319,Kašava
Československé armády,38,35801,Kraslice
5. května,318/2,35801,Kraslice
Přilehlá,1731,35801,Kraslice
Míru,692,37821,Kardašova Řečice
Masarykova,96/34,28401,Kutná Hora-Kutná Hora 1
Waldhauserova,805,28401,Kutná Hora 1
Vojtěšská,390,28401,Kutná Hora-Kutná Hora 1
Za Obloukem,218,41723,Košťany-Košťany u Teplic
Červená cesta,317,68604,Kunovice
Kostelec,165,58861,Kostelec
Legionářská,23,66434,Kuřim
Legionářská,1265/70,66434,Kuřim
Tyršova,2048/43,66434,Kuřim
nám. Krále Jiřího,361,67972,Kunštát na Moravě
Dolní Kamenná,1004/7,36005,Karlovy Vary-Karlovy Vary 5
Dolní Kamenná,1016/5,36005,Karlovy Vary-Karlovy Vary 5
Tesco,,36006,Karlovy Vary-Karlovy Vary 6
Elektrosvit,,36004,Karlovy Vary-Karlovy Vary 4
Nerudova,99,36017,Karlovy Vary-Karlovy Vary 17
Nové domky,655/1,36017,Karlovy Vary-Karlovy Vary 17
Obchodní,33,36211,Jenišov-Karlovy Vary 1
Třeboňská,1002/91,36005,Karlovy Vary-Karlovy Vary 5
Stará Kysibelská,619/30,36001,Karlovy Vary-Karlovy Vary 1
Železniční,1006/15,36005,Karlovy Vary-Karlovy Vary 5
Čsl. armády,254/10,74221,Kopřivnice-Kopřivnice 1
Husova,1119/3,74221,Kopřivnice-Kopřivnice 1
Javorová,769/7A,74221,Kopřivnice-Kopřivnice 1
Školní,157/12,74221,Kopřivnice-Kopřivnice 1
Štefánikova,36/49,74221,Kopřivnice-Kopřivnice 1
Štefánikova,1408/18e,74221,Kopřivnice-Kopřivnice 1
Záhumenní,1151/2,74221,Kopřivnice-Kopřivnice 1
Křiváček,17,25167,Řehenice-Pyšely
A. Dohnala,305,76821,Kvasice
Křivoklát,2,27023,Křivoklát
Nádražní,475,37381,Kamenný Újezd
Na Spáleništi,72,27301,Kamenné Žehrovice
Na Staré silnici,166,25268,Kněževes-Středokluky
Na Lužci,703,53341,Lázně Bohdaneč
nám. Svobody,17,50723,Libáň
Uherskobrodská,1018,76326,Luhačovice
Lichnov,90,74275,Lichnov
Truhlářská,665/665,37311,Ledenice
Českobratrská,1062/4a,67961,Letovice
Masarykovo nám.,5,67961,Letovice
Motel TAXI,,74714,Ludgeřovice
hřiště,,74714,Ludgeřovice
Lípa,297,58257,Lípa
Sídl. SNP,372,38402,Lhenice
Broumovská,843/11,46006,Liberec 6
Doubská,1207,46006,Liberec
Gagarinova,1167/59,46006,Liberec
Horská,1306,46001,Liberec
Ježkova,1169/3,46006,Liberec
Gen. Svobody,137/61,46001,Liberec
Londýnská,661,46001,Liberec
Mařanova,387,46312,Liberec
nám. Míru,175/1,46014,Liberec
U Nisy,843/13,46007,Liberec
Olbrachtova,37,46015,Liberec
Ostašovská,576/29,46001,Liberec
Palachova,1404/2,46001,Liberec
Puškinova,49,46312,Liberec
Rychtářská,390,46014,Liberec
Hlávkova,1088,46014,Liberec
Sportovní,522,46312,Liberec
Švermova,352/24,46010,Liberec
náměstí Tržní,1385/8,46001,Liberec
Vratislavická,1012,46006,Liberec
Zhořelecká,414/19,46001,Liberec
Libouchec,271,40335,Libouchec
Jirsíkova,430/43,37372,Lišov-Lišov u Českých Budějovic
Nová,635,37372,Lišov-Lišov u Českých Budějovic
Lukavice,112,56151,Lukavice
Seifertova,387,56301,Lanškroun
Nádražní,583,35733,Loket
Dolní,850/850,58832,Brtnice
Pod Kaštany,103,76317,Lukov-Lukov u Zlína
Lipová-lázně,712,79061,Lipová-lázně
Českolipská,917/6,41201,Litoměřice-Litoměřice 1
Nezvalova,1829/11,41201,Litoměřice-Předměstí
Komenského,2024,41201,Litoměřice-Litoměřice 1
Stránského,1908/33,41201,Litoměřice-Předměstí
Nedošín,167/167,57001,Litomyšl
Neffova,299,75131,Lipník nad Bečvou
Zahradní,1325,75131,Lipník nad Bečvou
Sídliště,1442/23,28922,Lysá nad Labem
Lučany nad Nisou,125,46871,Lučany nad Nisou
Palackého,648,51251,Lomnice nad Popelkou
Sázavská,174,58401,Ledeč nad Sázavou
Lipovec,318,67915,Lipovec
Loučovice,280,38276,Loučovice
Postoloprtská,2664/2664,44001,Louny-Louny 1
Přemyslovců,2654,44001,Louny-Louny 1
Říční,756,44001,Louny-Louny 1
Dlouhá,83/4,41002,Lovosice-Lovosice 2
Osvoboditelů,1068/18,41002,Lovosice-Lovosice 2
Smetanova,966/1,41002,Lovosice-Lovosice 2
náměstí J. Žižky,7,25706,Louňovice pod Blaníkem
Lhota pod Libčany,50,50327,Lhota pod Libčany
Moravičanská,228/17,78983,Loštice
Mírová,865,56151,Letohrad
Školní,247,29442,Luštěnice
Dukelská,435/13,78401,Litovel
Náměstí nám. Přemysla Otakara,793/7,78401,Litovel
Jana Sigmunda,87,78349,Lutín
Hamerská,159,43542,Litvínov-Litvínov 8
Nám. Př. Otakara,778,78401,Litovel
Podkrušnohorská,2171,43601,Litvínov-Litvínov 1
Obchodní centrum,,25229,Lety-Dobřichovice
Ludkovice,81,76341,Ludkovice
Československé armády,823,43511,Lom-Lom u Mostu 1
Nymburska,95/95,28937,Loučeň
nám. Palackého,32,67923,Lomnice-Lomnice u Tišnova
Riegrova,123,41117,Libochovice
Chýnovská,683,25266,Libčice nad Vltavou
Dukelská,394,53854,Luže
Košumberk,68,53854,Luže
Lažánky,63,66471,Lažánky
U Cukrovaru,206,25063,Mratín
1. máje,118,67602,Moravské Budějovice-Moravské Budějovice 2
Ondřejovská,700,25164,Mnichovice
Šibenička,808,25164,Mnichovice
Drahkov,28,41501,Modlany-Teplice 1
Hlavní,191,25206,Měchenice-Davle
Písecké předm.,1393,39901,Písečné-Milevsko 1
Pod Stadionem,1391/3,39901,Milevsko-Milevsko 1
Mcely,27,28936,Mcely
nám. Tyrše a Fügnera,194/1,78985,Mohelnice
Olomoucká,333/50,78985,Mohelnice
Pionýrů,1151/3,78985,Mohelnice
QWH8+H3 Hlinsko,,,Czechia
Armádní,792,28924,Milovice-Milovice nad Labem 3
Armádní,192,28924,Milovice-Milovice nad Labem 3
Tiskárenská,1275,67201,Moravský Krumlov
Mokrovraty,138,26203,Mokrovraty
Dukelská,222/17,29301,Mladá Boleslav-Mladá Boleslav II
Havlíčkova,1444,29301,Mladá Boleslav-Mladá Boleslav II
Krátká,1301,29301,Mladá Boleslav-Mladá Boleslav 1
J. Palacha,1026,29301,Mladá Boleslav-Mladá Boleslav II
Jičínská,1329,29301,Mladá Boleslav-Mladá Boleslav 1
Jičínská,1025,29301,Mladá Boleslav-Mladá Boleslav 1
Jičínská,1486,29301,Mladá Boleslav-Mladá Boleslav 1
Mladá Boleslav,1436,29301,Mladá Boleslav
Na Radouči,1120,29301,Mladá Boleslav-Mladá Boleslav II
Nádražní,311,29301,Mladá Boleslav-Mladá Boleslav 1
Mikulášovice,1007,40779,Mikulášovice
Českolipská,3332,27601,Mělník-Mělník 1
Rousovice,,27601,Mělník-Mělník 1
Mladoboleslavská,3339,27601,Mělník-Mělník 1
Pražská 4296 lok.18 unut,8,27601,Mělník-Mělník 1
Vodárenská,219,27601,Mělník-Mělník 1
Vodárenská,3653,27601,Mělník-Mělník 1
aut.st.,,47124,Mimoň
Sídl. pod Ralskem,580,47124,Mimoň
Jiráskova,600,29501,Mnichovo Hradiště
Studentská 1443 lok.18 unut,8,29501,Mnichovo Hradiště
Chebská,185/23,35301,Mariánské Lázně-Mariánské Lázně 1
Úšovice,172,35301,Mariánské Lázně-Mari��nské Lázně 1
Měnín,364,66457,Měnín
Školní,278/5,39801,Mirotice
Hlavní,280/22,66448,Moravany u Brna
Měcholupy,71,43931,Měcholupy
5. května,557,25210,Mníšek pod Brdy
Pražská,1594,25210,Mníšek pod Brdy
Sportovní,244,69685,Moravský Písek
Nádražní,105,54234,Malé Svatoňovice
Albrechtická,1075/26,43401,Most-Most 1
tř. Budovatelů,1874/15,43401,Most 1
Jana Opletala,1684/28,43401,Most-Most 1
B. Martinů,233/12,43401,Most-Most 1
Mostecká,3,43401,Most-Most 1
Táboritů,1653,43401,Most-Most 1
Tyršova,3460,43401,Most-Most 1
V. Nejedlého,1186,43401,Most-Most 1
Velebudická,3303/1a,43401,Most-Most 1
Velebudická,3270,43401,Most-Most 1
Višňová,1011,43401,Most-Most 1
Městečko Trnávka,62,56941,Městečko Trnávka
Jiráskova,1352/110,57101,Moravská Třebová-Moravská Třebová 1
Malý Újezd,95,27731,Malý Újezd
Mosty u Jablunkova,800,73998,Mosty u Jablunkova
Do Chobotu,117,25162,Mukařov
Kutnohorská,406,25162,Mukařov
Pražská,230,25162,Mukařov
28. října,985/14,69201,Mikulov-Mikulov na Moravě
Běloveská,944,54701,Náchod-Náchod 1
Růžová,278,54701,Náchod-Náchod 1
Revoluční,924,33023,Nýřany
Stará čtvrť,178,33023,Nýřany
Načeradec,340,25708,Načeradec
Nedvědice,391,59262,Nedvědice
Nedakonice,400,68738,Nedakonice
P. Jilemnického,398,57201,Polička
Brodská,654,26101,Příbram-Příbram 1
Čapkova,887,25263,Roztoky-Roztoky u Prahy
Čejetice,157,38601,Čejetice
Červená Řečice,91,39446,Červená Řečice
Dnešice,,33443,Dnešice
Dolní Žandov,291,35493,Dolní Žandov
Gen. Hlaďo,1849/25,74101,Nový Jičín-Nový Jičín 1
Hazlov,447,35132,Hazlov
Hodslavice,22,74271,Hodslavice
Hornická,1570,41301,Roudnice nad Labem
Hrádek,18,34201,Hrádek
Husova,2642,44001,Louny-Louny 1
Chmelova,1173,27801,Kralupy nad Vltavou-Kralupy nad Vltavou 1
Jabloňová,1142,25242,Jesenice-Jesenice u Prahy
Jiráskova,297,43141,Údlice
Pavlišovská,2294/10,19300,Praha 20
Kolínská,903/903,28504,Uhlířské Janovice
Koněvova,280/103,71300,Slezská Ostrava-Heřmanice
Harantova,518,33901,Klatovy-Klatovy 1
K Zelené Louce,30,30100,Plzeň 3
Lhotkova,683,39494,Černovice-Černovice u Tábora
M. Koněva,939/33,28802,Nymburk-Nymburk 2
M. Majerové,751/6,67401,Třebíč-Třebíč 1
Maltézské nám.,232/232,38731,Radomyšl
Praha,11,14900,Praha
Čapkova,787,35735,Chodov-Chodov u Karlových Var 1
Mládežnická,1596,43111,Jirkov-Jirkov 1
Mochovská,1750,25088,Čelákovice
Mrákov,106,34501,Mrákov
Na Sídlišti,263,34953,Bezdružice
Nákupní,389,10200,Praha-Štěrboholy
nám. Míru,338,43601,Litvínov-Litvínov 1
Kpt. Jaroše,37,41712,Proboštov-Proboštov u Teplic
Pustiměř,166,68321,Pustiměř
Ostravice,62,73914,Ostravice
Cihelní,105/22,74801,Hlučín
Svitávka,,67932,Svitávka
Postřekov,179,34535,Postřekov
Pražská,212,28903,Městec Králové
Okružní,,25801,Vlašim
Příborská,2270,73801,Frýdek-Místek 1
Riegrova,74101,74101,Nový Jičín-Nový Jičín 1
Zastávecká,1030,66501,Rosice-Rosice u Brna
Dubice,65,40002,Řehlovice-Ústí nad Labem 2
Sedlecká,758/7,36010,Karlovy Vary-Karlovy Vary 10
Sportovní,311,25261,Jeneč
Sportovní,3,74705,Opava-Malé Hoštice
Suchdolská,1104,25262,Horoměřice
Žďárská,187,34701,Halže-Tachov 1
V Korytech,157,10600,Praha 10
V. Nezvala,88/18,67401,Třebíč-Třebíč 1
Velemín,2,41131,Velemín
Věšínova,892/4,70030,Ostrava-jih
Vigantice,196,75661,Vigantice
Vinohradská,1302/41,74801,Hlučín
Zabrušany,82,41771,Zabrušany
Žeravice,40,69647,Žeravice
Okružní,808,25081,Nehvizdy
Sadová,1050/1050,68751,Nivnice
Na Kapli,1558,76361,Napajedla
Na Malině,1380,76361,Napajedla
Bohuslava Martinů,1885/2,74101,Nový Jičín-Nový Jičín 1
Máchova,28,74101,Nový Jičín-Nový Jičín 1
Masarykovo nám.,7/7,74101,Nový Jičín-Nový Jičín 1
Purkyňova,1529/3,74101,Nový Jičín-Nový Jičín 1
Vančurova,702/38,74101,Nový Jičín-Nový Jičín 1
Obecní,75,38411,Netolice
Nové Město na Moravě,,59231,Nové Město na Moravě
Dukelská,662,54901,Nové Město nad Metují-Nové Město nad Metují 1
Nad Stadionem,1301,54901,Nov�� Město nad Metují-Nové Město nad Metují 1
Pod Lipami,220,54901,Nové Město nad Metují-Nové Město nad Metují 1
Nový Malín,429,78803,Nový Malín
Švermova,953,46365,Nové Město pod Smrkem
Třebíčská,973,67571,Náměšť nad Oslavou
Legerovo nám.,28,28002,Nová Ves I-Kolín 2
Husitská,1922,50901,Nová Paka
U Trati,282,33503,Nepomuk-Nepomuk 3
Chodovská,241,36225,Nová Role
Havlíčkova,290,34022,Nýrsko
Klatovská,662,34022,Nýrsko
Revoluční,158,35734,Nové Sedlo-Nové Sedlo u Lokte
1. máje,816,27101,Nové Strašecí
Nové Strašecí,1170,27101,Nové Strašecí
Městečko,478,69164,Nosislav
Mládežnická,422,27711,Neratovice
Na Výsluní,1368,27711,Neratovice
Čechova,479,37842,Nová Včelnice
Muzejní,46,25744,Netvořice
Pražská,307,25744,Netvořice
Nová Ves pod Pleší,123,26204,Nová Ves pod Pleší
Pražská,310,25756,Neveklov
K Letišti,2218,28802,Nymburk-Nymburk 2
Mládežnická,2086,28802,Nymburk-Nymburk 2
Sadová,2167,28802,Nymburk 2
Za Žoskou,1040,28802,Nymburk-Nymburk 2
Nezvěstice,33,33204,Nezvěstice
Veveří,210,66481,Ostrovačice
Osice,36,50326,Osice
Západní,243,28002,Ovčáry-Kolín 2
tř. Osvobození,99/15A,74235,Odry
Károvská,128,25245,Ohrobec-Zvole u Prahy
Oskava,14,78801,Oskava
Hlavní,1157,76502,Otrokovice-Otrokovice 2
J. Žižky,1942,76502,Otrokovice-Otrokovice 2
Ml. stavbařů,1811,76502,Otrokovice-Otrokovice 2
Napajedelská,1809,76502,Otrokovice-Otrokovice 2
tř. Tomáše Bati,1619,76502,Otrokovice-Otrokovice 2
Ke Studánce,1341,73514,Orlová-Orlová 4
Masarykova tř.,795,73514,Orlová-Orlová 4
Okružní,1440,73514,Orlová-Orlová 4
Petřvaldská,953,73511,Orlová-Orlová 1
Školní,861,73514,Orlová-Orlová 4
Žofinská,511,73514,Orlová-Orlová 4
Brněnská,492/45A,77900,Olomouc-Olomouc 9
Čajkovského,591/17,77900,Olomouc-Olomouc 9
Dlouhá,524/28,77900,Olomouc-Olomouc 9
Dolní hejčínská,30,77200,Olomouc-Olomouc 9
Holečkova,193/10,77900,Olomouc-Olomouc 9
Chválkovická-Epava,,77900,Olomouc-Olomouc 9
Kavaléristů,10,77900,Olomouc-Olomouc 9
Lazecká,49/33,77900,Olomouc-Olomouc 9
Na Tabulovém vrchu,4,77900,Olomouc-Olomouc 9
Náves Svobody,651/42A,77900,Olomouc-Olomouc 9
Nedvědova,389,77900,Olomouc-Olomouc 9
Zikova,619/3,77900,Olomouc-Olomouc 9
Olomoucká,791,78353,Velká Bystřice
Pasteurova,905/10,77900,Olomouc-Olomouc 9
Pražská,255/41,77900,Olomouc-Olomouc 9
Nové Sady,52/52,77900,Olomouc-Olomouc 9
Aut.nádraží podchod,,77900,Olomouc-Olomouc 9
Sokolovská,80/4,77900,Olomouc-Olomouc 9
Třída Jiřího Pelikána,1399/2,77900,Olomouc-Olomouc 9
Olbramovice Ves,50,25901,Olbramovice-Votice
Obecnice,159,26221,Obecnice
Hradecká,497/497,53345,Opatovice nad Labem
Obchodní,1446,36301,Ostrov-Ostrov nad Ohří
Nádražní 664,12,66412,Oslavany
Starohorská,66412,66412,Oslavany
Hlavní,12,75356,Opatovice-Opatovice u Hranic
U Cukrovaru,1454/13,74705,Opava-Opava 5
Jana Pitry,775/775,51773,Opočno
Bílovecká,1009,74706,Opava-Opava 6
Bílovecká,758/99,74706,Opava-Opava 6
Krnovská,566/165,74707,Opava-Opava 1
Lepařova,8/2906,74601,Opava-Opava 1
Otická,2469,74601,Opava-Opava 1
Ratibořská,45/1475,74705,Opava-Opava 5
Antonína Sovy,1251/30,74705,Opava-Opava 5
Ruská 57-49,,74706,Opava-Opava 6
Sadová,121/4,74601,Opava-Opava 1
U Fortny,10,74601,Opava-Opava 1
Vančurova,2946/26A,74601,Opava-Opava 1
Zámecký okruh,2966/21,74601,Opava-Opava 1
Opařany,84,39161,Opařany
Ostravice,731,73914,Ostravice
Tyršova,683,41705,Osek-Osek u Duchcova
28. října,1512/123,70200,Moravská Ostrava a Přívoz
Hulváky,,70900,Ostrava-Mariánské Hory a Hulváky
Ahepjukova,2859/8,70200,Moravská Ostrava a Přívoz
Čapkova,434/38,71600,Ostrava-Radvanice a Bartovice
Čkalovova,6144/18a,70800,Ostrava-Poruba
nám.Sloven.národn. povstání,4368/1,70030,Ostrava-Ostrava-jih
Gen. Sochora,1379/6,70800,Ostrava-Poruba
Hlavní tř.,1196,70800,Ostrava-Poruba
Horní,300/77,70030,Ostrava-jih
Horní,1457/59,70030,Ostrava-jih-Hrabůvka
Horní,1046,70030,Ostrava-Ostrava-jih
Horní,288/67,70030,Ostrava-jih-Dubina
Hornopolní,3308,70200,Moravská Ostrava a Přívoz
Josefa Brabce,2872/37,70200,Moravská Ostrava a Přívoz
Hrušovská,2953/15,70200,Moravská Ostrava a Přívoz
Hulvácká,2081/2,70030,Ostrava-jih-Zábřeh
Ibsenova,1167/31,70200,Ostrava-Moravská Ostrava a Přívoz
Jugoslávská,3217/30,70030,Ostrava-Ostrava-jih
K Lávce,1141/1,70200,Ostrava-Moravská Ostrava a Přívoz
K Myslivně,9,70800,Ostrava-Poruba
Karla Svobody,369/5a,72527,Ostrava-Plesná
Plzeňská 2622/lok.18,,70030,Ostrava-Ostrava-jih
Trnkovecká,,71500,Ostrava-Slezská Ostrava
Lužická,590/2,70030,Ostrava-Ostrava-jih
Miroslava Bajera,6040/1,70800,Ostrava-Poruba
Martinovská,6186/15,70800,Ostrava-Poruba
Michálkovická,2169/88,71000,Slezská Ostrava
Místecká,755/280,72000,Ostrava-Hrabová
Na Obecní,446/13,70030,Ostrava-jih-Hrabůvka
Nábř. Svazu Protifaš. bojovníků,457/30,70800,Ostrava-Poruba
Nad Porubkou,2400,70800,Ostrava-Poruba
708,00,,Ostrava-Poruba
Jiřího Trnky,,70200,Ostrava-Moravská Ostrava a Přívoz
Oty Synka,33,70800,Ostrava-Poruba
Patrice Lumumby,2471/7,70030,Ostrava-jih
Pavlouskova,24,70800,Ostrava-Poruba
Petra Křičky,2863,70200,Moravská Ostrava a Přívoz
Plavecká,1636,70030,Ostrava-jih-Hrabůvka
Plzeňská,221/333,72400,Ostrava-Stará Bělá
Poděbradova,3209/58,70200,Moravská Ostrava a Přívoz
Poděbradova,836/42,70200,Moravská Ostrava a Přívoz
Polanecká,3,72100,Ostrava-Svinov
Proskovická,1169/215,72400,Ostrava 24
Prudká,419/13,72528,Ostrava-Hošťálkovice
Výškovická,142,70030,Ostrava-jih
Ruská,1230/121,70300,Ostrava-Vítkovice
Ruská,2887/101,70300,Ostrava-Vítkovice
Sjízdná,1157/1,72100,Ostrava-Svinov
Sokolská tř.,2590,70200,Moravská Ostrava a Přívoz
Spojovací,396,72527,Ostrava-Plesná
Strmá,2041,70900,Ostrava-Mariánské Hory a Hulváky
Studentská,1770/1,70800,Ostrava-Poruba
Škrobálkova,235/56,71800,Ostrava-Slezská Ostrava
Švédská,749/47,71200,Ostrava-Slezská Ostrava
Dr. Martínka,1656/2,70030,Ostrava-jih
U Hrůbků,154,70030,Ostrava-jih
U Nádraží,1155/25,70300,Ostrava-Vítkovice
U Stadiónu,1,70200,Moravská Ostrava a Přívoz
U Studia,67/29,70030,Ostrava-jih
N. Frýda,160/2,70030,Ostrava-jih
Muglinovská,55/91,71200,Slezská Ostrava-Muglinov
Stan.záchr.služby,,70200,Ostrava-Moravská Ostrava a Přívoz
Vítkovická,3083/1,70200,Moravská Ostrava a Přívoz
Výškovická,2614/124,70030,Ostrava-jih
Výškovická,3123/46,70030,Ostrava-Ostrava-jih
Za Ještěrkou,629/1,71700,Ostrava-Radvanice a Bartovice
Závodní,1612/43A,70030,Ostrava-jih-Hrabůvka
443,54,74781,Otice
Jáchymovská,1460,36301,Ostrov-Ostrov nad Ohří
Krušnohorská,1145,36301,Ostrov-Ostrov nad Ohří
Olšany u Prostějova,411,79814,Olšany u Prostějova
Obchodní zóna,253,43111,Otvice-Chomutov 4
Husinecká,1190,38301,Prachatice
Prostřední Bečva,430,75656,Prostřední Bečva
Balbínova,713,26101,Příbram-Příbram 1
Československé armády,142,26101,Příbram-Příbram IV
Evropská,329,26101,Příbram-Příbram 1
Jinecká,319,26101,Příbram-Příbram I
Milínská 134 Obchodní centrum Skalka Příbram,,26101,Příbram-Příbram 1
Rožmitálská,6,26101,Příbram-Příbram 1
Dvořákova,697,74258,Příbor
Místecká,1124,74258,Příbor
Štramberská,1361,74258,Příbor
Příkopy,318,58222,Přibyslav
Hradecká,545,53352,Pardubice II
Husova,87,53003,Pardubice-Pardubice I
Jiřího Potůčka,290,53009,Pardubice VII
Kpt. Bartoše,2777,53002,Pardubice I
Lidmily Malé,656,53012,Pardubice III
Na Spravedlnosti,2106,53002,Pardubice V-Zelené Předměstí
Palackého tř.,2020,53002,Pardubice I-Zelené Předměstí
Poděbradská 295 lok.18 unut,8/g84,53009,Pardubice-Pardubice VII
Pražská,199,53006,Pardubice VI
S. K. Neumanna,2930,53002,Pardubice V
U Josefa,119,53009,Pardubice-Cihelna
Nábř. Závodu Míru,2712,53002,Pardubice I-Zelené Předměstí
Nádražní,390,39501,Pacov
Lipárky,528,39464,Počátky
Podlesí,328,26101,Podlesí
170,,54908,Provodov-Šonov
Ptení,27,79843,Ptení
Hlavní,49,43163,Perštejn
Komenského,260,78969,Postřelmov
Tř. 5. května,708,28911,Pečky
V Kaštánkách,1141,28911,Pečky
Družstevní,1236,39301,Pelhřimov
Pražská,1200,39301,Pelhřimov
Průběžná,2483,39301,Pelhřimov
5. května,343,27308,Pchery-Humny
Palkovice,328,73941,Palkovice
Uhrova,1003,66602,Předklášteří
Poděbradská,4,29001,Písková Lhota-Poděbrady 1
Hegerova,1207/1207,57201,Polička
Starohradská,359,57201,Polička
Pod Větrníkem,22,76326,Pozlovice-Luhačovice
Písková Lhota,103,29431,Písková Lhota
Šneky,,35135,Plesná-Plesná u Chebu
Jiráskovo nám.,655,43942,Postoloprty
Alej Svobody,770/23,32300,Plzeň-Plzeň 1
Americká,2186/47,30100,Plzeň-Plzeň 3
Borská,1045/40,30100,Plzeň 3-Skvrňany
Brněnská,987/31,32300,Plzeň 1-Severní Předměstí
Domažlická,38/216,31800,Plzeň 3-Nová Hospoda
Folmavská,3035,30100,Plzeň-Plzeň 3
Gerská,1247/34,31800,Plzeň-Plzeň 1
Guldenerova,512/2,32600,Plzeň 2-Slovany
Habrmannovo nám.,794/5,31200,Plzeň 4-Doubravka
Kaznějovská,323/00,32300,Plzeň 1
Kaznějovská,1516/6,32300,Plzeň 1-Bolevec
Květná,2736/61,32600,Plzeň 2-Slovany-Východní Předměstí
Alej Svobody,732/55,32300,Plzeň 1
Macháčkova,944/26,31800,Plzeň-Plzeň 3
Majerova,2525/7,30100,Plzeň 3-Jižní Předměstí
Na Dlouhých,51,31200,Plzeň-Plzeň 4
Nade Mží,735/2,31800,Plzeň 3-Skvrňany
Nepomucká,122/10,32600,Plzeň 2-Slovany-Hradiště
Nepomucká,151,32600,Plzeň 2-Slovany
P8HC+XJ Pilsen,,,Czechia
Dlouhá,1083/31,31200,Plzeň 4-Lobzy
Rokycanská,1171/6,30100,Plzeň 4-Lobzy
Skupova,24/490,30100,Plzeň-Plzeň 3
Na Jíkalce,2906/19A,30100,Plzeň 3-Jižní Předměstí
Slovanská,53,32600,Plzeň-Plzeň 2-Slovany
Partyzánská,856/7,31200,Plzeň 4-Lobzy
Stará cesta,145/2,31200,Plzeň 4
Studentská,55A,32300,Plzeň 1
Školní,1302/52,31200,Plzeň 4
Třešňová,931/36,31200,Plzeň 4-Doubravka
U Velkého rybníka,2299/27,30100,Plzeň-Plzeň 1
Vojanova,778/20,31800,Plzeň 3-Skvrňany
Žlutická,1665,32300,Plzeň 1-Bolevec
Žlutická,1839/9,32300,Plzeň-Plzeň 1
Novoveská,154,34806,Přimda
Přemyslovice,352,79851,Přemyslovice
Nádražní,561,34815,Planá-Planá u Mariánských Lázní
Plzeňská,916,34815,Planá-Planá u Mariánských Lázní
Přerov nad Labem,114,28916,Přerov nad Labem
Zámčisko,371,76842,Prusinovice
Předměřice nad Jizerou,204,29474,Předměřice nad Jizerou
Pěnčín,60,46821,Pěnčín
Pražská,20,25721,Poříčí nad Sázavou
Spojenecké nám.,81/81,34522,Poběžovice
Polešovice,632,68737,Polešovice
Bílkova,289,29001,Poděbrady-Poděbrady 1
Bílkova,270,29001,Poděbrady 1
Družstevní,5,29001,Poděbrady-Poděbrady III
Husova,819,29001,Poděbrady-Poděbrady 1
Karla Hampla,1115,29001,Poděbrady-Poděbrady III
U Bažantnice,1506,29001,Poděbrady-Poděbrady 1
V Zámku,2,66407,Pozořice
Poříčí,992,69123,Pohořelice
Znojemská,1149,69123,Pohořelice
Hraničky,760/4,72525,Ostrava-Polanka nad Odrou
Karlovarská,25,43983,Lubenec
Staňkova,230,58856,Telč
Kojetín,21,26255,Petrovice-Petrovice u Sedlčan
Úzká,101,54242,Pilníkov
Skuhrov nad Bělou,17,51703,Skuhrov nad Bělou
U Stadionu,33,40332,Povrly
Vroutecká,1210/1210,44101,Podbořany
Michle,414,14000,Praha 4
Armády,1306/2B,15800,Praha 13-Stodůlky
Pod vinicí,1458/12,14300,Praha 4-Modřany
Bellova,26,10900,Praha-Petrovice
Bellušova,1877,15500,Praha 13
Beranových,130,19900,Praha 18
Brandlova,1599/8,14900,Praha-Praha 11
Chlumecká,765,19800,Praha-Praha 14
Úvalská ul,,10000,Strašnice
Brožíkova,3,15000,Praha-Praha 5
Budějovická,45,14000,Praha 4
Budovatelská,287,19015,Praha-Satalice
Okřínecká,796/7,19000,Praha 9-Prosek
Čerpadlová,1034/2b,19000,Praha 9
Českobrodská,50/792,19800,Praha 9
Českomoravská,2420/15a,19000,Praha 9
Čimelická,964/15,14200,Praha 4-Lhotka
Čs. exilu,24,14300,Praha 12
Ďáblická,553,18200,Praha-Praha 8
Dobronická,1256,14800,Praha-Kunratice
Dobřejovická,572/5,14200,Praha 4-Lhotka
Donovalská,1725/47,14900,Praha 11-Chodov
Dubečská,1390/24,10000,Praha-Strašnice
Duhová,425/1,14000,Praha 4
Dvořišťská,964,19800,Praha 14-Kyje
Elišky Přemyslovny,379,15600,Zbraslav
Komenského,297,25070,Odolena Voda-Praha 6
Fajtlova,1090/1,16100,Praha-Praha 6
Hábova,2345,15500,Praha 13
Hartigova,2427/205,13000,Praha 3-Žižkov
Hartigova,2495/221,13000,Praha 3-Žižkov
Helsinská,166/2,15500,Praha-Praha 13
Hloubětínská,1061,19800,Praha 9
Hofbauerova,626/2,16300,Praha 17-Řepy
Štěpařská,1098/22,15200,Praha 5-Barrandov
Hornoměcholupská,576,10900,Praha 15-Horní Měcholupy
Sídliště Zličín,,15521,Praha-Zličín
Poliklinika Háje,,14900,Praha-Praha 11
Chabařovická,1125/4,18200,Praha 8
Chilská,1,14900,Praha 11-Chodov
Chlumecká,2424,19800,Praha 20
Chodovská,1549/18,10100,Praha-Praha 10
Cholupická,431/24,14200,Praha 12-Kamýk
Ratibořická,1167/10,19300,Praha-Praha 20
Jablonecká,423/70,19000,Praha-Praha 9
Jankovcova,24/18,17000,Praha 7-Holešovice
Jeremiášova,1102/9,15500,Praha 13-Stodůlky
Jeremiášova,1422/7B,15500,Řeporyje-Stodůlky
Pod Šmukýřkou,,15800,Praha-Praha 5
Jiřinková,1248/26,10600,Praha 10-Záběhlice
José Martího,1b,16200,Praha 6
K Barrandovu,,15200,Praha-Praha 5
K Hájům,1233/2,15500,Praha 5-Stodůlky-Praha 13
K Horkám,2284,14900,Praha-Praha 11
K Nouzovu,1,14300,Praha 12
K Řeporyjím,14,15500,Praha-Praha 13
Smíchov,2192,15000,Praha 5
Kakosova,1037/1,15500,Řeporyje
Branické náměstí,,14700,Praha-Praha 4
Ke Smíchovu,461/85,15400,Slivenec
Koupaliště Čakovice,,19600,Praha-Praha-Čakovice
Kladenská,699/107,16000,Praha-Praha 6
Líbeznická,,18200,Praha-Praha 8
Komořanská,2168/48,14300,Praha 12
Kpt. Stránského,198/00,19800,Praha 14-Černý Most
Krejnická,2021,14800,Praha 11-Chodov
Křivenická,429/13,18100,Praha 8-Čimice
Lažanského,69/18,14900,Praha 11-Chodov
Darwinova,1808/11,14300,Praha 12
Leopoldova,946/1,14900,Praha 11-Chodov
Lhotecká,1015,14300,Praha-Praha 12
Libušská,400,14200,Praha-Praha-Libuš
Libušská,319/126,14200,Praha-Libuš-SAPA
Hlubočepy,696,15400,Praha 5
Ratibořská,598/24,18100,Praha 8
Poznaňská,443/17,18100,Praha 8-Bohnice
Barunčina,1852/38,14300,Praha 12-Modřany
Chittussiho,1,16000,Praha 6
Makovského,1179,16300,Praha 17
Matějovského,153/11,15300,Praha 16
Matějská,2352/76,16000,Praha-Praha 6
Za pavilónem,666,10700,Praha-Praha-Dubeč
Mezi Vodami,23,14300,Praha-Praha 12
Milevská,922,14000,Praha 4
Mírová,29/42,10300,Praha-Kolovraty
Mladoboleslavská,1148,19700,Praha 9
Modřanská,307/98,14700,Praha 4-Hodkovičky
Moravanů,2145/21,16900,Praha 6-Břevnov
Moravcových,1015/4,19000,Praha-Praha 9
Mukařovského,2590,15500,Praha-Praha 13
Na Bambouzku,264,15531,Praha-Praha-Lipence
Na Baních,1475,15600,Zbraslav
Na Břevnovské Pláni,75,16900,Praha 6
Na Farkáně IV,258/48,15000,Praha 5-Radlice
Na Harfě,929,19000,Praha-Praha 9
Na Hřebenech II,1749/31,14000,Praha-Praha 4
Na Petřinách,392/72,16200,Praha 6
Na Průhonu,812/3,18100,Praha 8-Čimice
Na Rozdílu,752/1,16000,Praha 6-Vokovice
Nad Lávkou,672/5,16000,Praha-Praha 6
Náchodská,2528,19300,Praha 20
Náchodská,121/218,19300,Praha-Praha 20
Nad Rybníkem,0,19012,Praha-Praha-Dolní Počernice
Nárožní,1488,15800,Praha 13-Stodůlky
Nebušická,491,16400,Praha-Praha-Nebušice
Nevanova,1050/11,16300,Praha 17-Řepy
Nosticova,463,11800,Praha 1-Malá Strana
Chýnovská,,14200,Praha-Praha 12
Novosibřinská,2227,19016,Praha-Újezd nad Lesy
Novovysočanská,108,19000,Praha 9-Vysočany
Nuselská,20,14000,Praha-Praha 4
Obchodní nám.,1590/4,14300,Praha-Praha 12
Olšová,549/13,16500,Praha-Suchdol
Břevnov,,16900,Praha 6-Strahov
Opatovská,960/20,14900,Praha 11-Háje
Opatovská,871/23,14900,Praha 11-Háje
Dvorní,,18400,Praha-Dolní Chabry
Osvětová,670,14900,Praha-Šeberov
Papírenská,1113/1b,16000,Praha 6-Bubeneč
Peroutkova,1763/25,15800,Praha 5
Pešlova,363/5,19000,Praha-Praha 9
Pitterova,2878/5,13000,Praha 3-Žižkov
Pivovarnická,1844/15,18000,Praha 8
Plickova,571/3,14900,Praha 11-Háje
Plzeňská,1110/21,15500,Praha-Praha 13
Kartouzská,233/5,15000,Praha 5-Smíchov
Plzeňská,290,15000,Praha 5
Pod Altánem,2406,10000,Praha-Strašnice
Pod Pekařkou,107,14700,Praha 4
Pod Plynojemem,1274/5,18000,Praha 8-Libeň
Pod Statky,17,18200,Praha-Praha 8
Pod Třešňovkou,234,15600,Praha-Zbraslav
Soustružnická,489/4,19800,Praha 9
Podkrkonošská,819/819,19012,Praha-Dolní Počernice
Podvinný mlýn,1418/2,19000,Praha-Praha 9
Struhařovská,9,14100,Praha 4
Prašná,980/40,14900,Praha 4
Pražská,99/17,10200,Praha 15-Hostivař
Prosecká,29/58,19000,Praha 9-Prosek
Nad Šestikopy,835,19000,Praha 9-Prosek
Přetlucká,3422/23,10000,Praha-Praha 10
Přetlucká,3295/50,10000,Praha-Praha 10
Pujmanové,1218,14000,Praha 4-Krč
Radimova,2322,16900,Praha-Praha 6
Radiová,1,10200,Praha-Praha 15
Radlická,117/520,15800,Praha 5
Rodopská,3148/3,14300,Praha 12-Modřany
Rýmařovská,561,19900,Praha 18
Řevnická,170/4,15521,Zličín-Třebonice
Severní I,35,14100,Praha 4
Sídliště,1079/19,15300,Praha-Praha 16
Skandinávská,25,15500,Praha 13
Skorkovská,1644,19800,Praha 14
Skorkovská,1310,19800,Praha 14
Czechia,,19800,Praha 14
Stará Spojovací,2263/9,19000,Praha 9-Libeň
Strakonická,63,15900,Praha-Velká Chuchle
Středohorská,00/549,10400,Praha 22-Uhříněves
Světská,222/2,19800,Praha 14-Kyje
Šafránkova,1243/3,15500,Praha 13
Špirkova,522/14,14200,Praha 12-Kamýk
Štúrova,1282/12,14200,Praha 4-Krč
Švehlova,1391/32,10200,Praha-Praha 15
Teplická,494/17,19000,Praha 9-Střížkov
Jeremiášova,1106,15500,Praha-Praha 13
Travná,1217,19800,Praha 14-Kyje
Trousilova,1031/2,18200,Praha 8
Třebohostická,564/9,10000,Praha-Strašnice
Tuklatská,2104/5,10000,Strašnice
Turnovského,10,10000,Praha-Praha 10
Tusarova,1519/22,17000,Praha 7-Holešovice
U Boroviček,605/23,16300,Praha 17-Řepy
U Dvojdomů,1324/13,10200,Praha-Praha 15
U Elektry,7,19000,Praha-Praha 9
U Modré školy,2337/1,14900,Praha 11-Háje
Husníkova - lok.18,,15800,Praha 13
V Olšinách,75,10000,Praha-Strašnice
V Zahrádkách,1953/67,13000,Praha-Praha 3
Xaverov,,19300,Praha-Praha 20
Veletržní,1623/24,17000,Praha 7-Holešovice
Veltruská,559/31,19000,Praha 9-Prosek
Veselská,721,19900,Praha-Praha 18
Mladenovova,12,14300,Praha-Praha 12
Vladivostocká,1460/10b,10000,Praha 10-Vršovice
Vojtíškova,1783,14800,Praha 11-Chodov
Vršní,1052/18,18200,Praha-Praha 8
Sportovní,111/3,10100,Praha 10-Vršovice
Výpadová,1147/4,15300,Praha 16
Nad Santoškou,34,15000,Praha 5-Smíchov
Nad Rybníky,,14000,Praha-Praha 4
Krupná,2177,14300,Praha 4
Zenklova,608/150,18000,Praha 8-Libeň
Žilinská,1835/4,14100,Praha 4
Žirovnická,2389/6,10600,Praha 10-Záběhlice
Žukovského,887/4,16100,Praha-Praha 6
V Oblouku,728,25243,Průhonice
Čechova,26,75002,Přerov-Přerov 2
Gen. Fajtla,3474/19,75002,Přerov-Přerov 2
Kojetínská,4,75002,Přerov-Přerov 2
Malá Dlážka,2859/16,75002,Přerov-Přerov I-Město
Na Hrázi,1139/13,75002,Přerov-Přerov 2
Na Odpoledni,347/5,75002,Přerov-Přerov 2
Svisle,1100/9,75002,Přerov-Přerov 2
Teličkova,491/6b,75124,Přerov-Přerov 4
Tovární,2993/4,75002,Přerov-Přerov 2
Přerov I-Město,3552/3552,75002,Přerov-Přerov I-Město
tř. gen. Janouška,2854/2,75002,Přerov 2
U Pošty,423/10,75124,Přerov-Přerov 4
Za Mlýnem,1116/54,75002,Přerov-Přerov I-Město
Poříčany,355,28914,Poříčany
Proseč,70,53944,Proseč
5. května,1077,33401,Přeštice
Dukelská,940,33401,Přeštice
Václavská,1/1,39701,Písek-Písek 1
Hradiště,234,39701,Písek-Písek 1
Nádražní,2143,39701,Písek-Písek 1
Nádražní,2590,39701,Písek-Písek 1
Pražská,443/59,39701,Písek-Písek 1
Pražská,348/43,39701,Písek-Písek 1
Stanislava Maliny,476/3,39701,Písek-Písek 1
Šobrova,1933/4,39701,Písek-Písek 1
Táborská,2300,39701,Písek-Písek 1
Pištín,77,37346,Pištín
Anenská,4263/25,79601,Prostějov-Prostějov 4
Bohumíra Šmerala,3773,79601,Prostějov-Prostějov 1
Čs. armádního sboru,591/47,79811,Prostějov-Prostějov 6
J. B. Pecky,3246/9,79601,Prostějov-Prostějov 1
Konečná,441/25,79607,Držovice-Prostějov 7
Pod Kosířem,2451/42,79601,Prostějov-Prostějov 1
Vrahovická,720/56B,79811,Prostějov-Prostějov 6
Klimšova,829,73541,Petřvald-Petřvald u Karviné
Ostravská,1845,73541,Petřvald-Petřvald u Karviné
Třešňová,943,39811,Protivín
Dolní Marklovice,119,73572,Petrovice u Karviné
Stonava,1040,73534,Stonava
Závada,4,73572,Petrovice u Karviné
Březinská,1555,73541,Petřvald u Karviné
Pod Hřebenem,526/526,25073,Přezletice-Jenštejn
Dukel. hrdinů,2552,26901,Rakovník-Rakovník 1
Dukel. hrdinů,1805,26901,Rakovník-Rakovník II
Luženská,2727/2727,26901,Rakovník-Rakovník II
Luženská,2725,26901,Rakovník-Rakovník 1
Plzeňská,2809,26901,Rakovník-Rakovník 1
Trojanova,2568,26901,Rakovník-Rakovník II
Vinohradská,2234,26901,Rakovník-Rakovník II
Černokostelecká,55a,25101,��íčany-Říčany u Prahy
Černokostelecká,2270/22,25101,Říčany-Říčany u Prahy
Pod Lihovarem,1828/2,25101,Říčany u Prahy
Havlíčkovo nám.,948/1,25219,Rudná-Rudná u Prahy
Hořelické nám.,1130,25219,Rudná-Rudná u Prahy
Rudník,59,54372,Rudník
Prvomájová,1181/23,15300,Praha-Radotín
Radiměř,440,56907,Radiměř
9. května,291/291,67902,Rájec-Jestřebí
Ratibořské Hory,42,39142,Ratibořské Hory
Sportovní,604,67902,Rájec-Jestřebí
Míru,989,33701,Rokycany-Rokycany 1
Pivovarská,14,33701,Rokycany-Rokycany 1
Vítězná,1272,69602,Ratíškovice
Slévačská,1558/46,40801,Rumburk
Pražská,1677,40801,Rumburk
V Podhájí,279/5,40801,Rumburk-Rumburk 1
W2M2+M2 Dolní Studénky,,,Czechia
J. Fučíka,130/79,79501,Rýmařov
V Brance,344,27062,Rynholec
Havlíčkova,1361,51601,Rychnov nad Kněžnou
Štemberkova,1094,51601,Rychnov nad Kněžnou
Štemberkova,1698,51601,Rychnov nad Kněžnou
Zborovská,17/17,51601,Rychnov nad Kněžnou
9. května,2026,41301,Roudnice nad Labem
Alej 17. listopadu,2692,41301,Roudnice nad Labem
Nám. 28. října,1693,41301,Roudnice nad Labem
Sídliště,648,35701,Rotava-Rotava 1
Jesenická,543,78814,Rapotín
Kulturní,1790,75661,Rožnov pod Radhoštěm-Rožnov pod Radhoštěm 1
Slezská,602,75661,Rožnov pod Radhoštěm-Rožnov pod Radhoštěm 1
Svazarmovská,1682,75661,Rožnov pod Radhoštěm-Rožnov pod Radhoštěm 1
Palackého,,26242,Rožmitál pod Třemšínem
Rosice,,66501,Rosice-Rosice u Brna
Sušilovo nám.,20/26,68301,Rousínov-Rousínov u Vyškova
Rataje,139,76812,Rataje
Na Návsi,54,25203,Řitka
Ratiboř,437,75621,Ratiboř
Masarykova,1008,25219,Rudná-Rudná u Prahy
Lidická,1036/1036,25263,Roztoky-Roztoky u Prahy
Petřvaldská,888,73532,Rychvald
Nám. Horníků,799/799,54233,Rtyně v Podkrkonoší
Rokytnice,218,75104,Rokytnice
Rokytnice,167,76321,Rokytnice
Nerudova,160,75661,Rožnov pod Radhoštěm-Rožnov pod Radhoštěm 1
Poděbradská,1105,28912,Sadská
U Třicátku,166,68765,Strání
Šardice,436,69613,Šardice
Ledenická-St. Pohůrka,1297/1297,37006,Srubec-České Budějovice 6
Stěbořice,17,74751,Stěbořice
Družstevní,165,38426,Strunkovice nad Blanicí
Třebízského,2014,25001,Brandýs nad Labem-Stará Boleslav-Brandýs nad Labem-Stará Boleslav 1
Na Návsi,131/2,78335,Skrbeň-Horka nad Moravou
Strupčice,300,43114,Strupčice
Suchdol,26,28502,Suchdol
Sjednocení,889,74213,Studénka-Studénka 3
nám. Sv. J. Nepomuckého,526,37856,Studená
Na Potůčku,38,26401,Sedlčany
Na Severním sídlišti,1071,26401,Sedlčany
Příbramská,1176,26401,Sedlčany
Na Broukaláku,132,25101,Světice-Říčany u Prahy
Obchodní,878,39201,Soběslav
Tyršova,483/7,39201,Soběslav
U Parkoviště,455,74715,Šilheřovice
Hradiště na Písku,23,53352,Staré Hradiště-Staré Hradiště u Pardubic
Hlavní,331,27342,Stehelčeves
Hrádecká,253/253,76321,Slavičín
Nádražní,87,76321,Slavičín
nám. Mezi Šenky,166,76321,Slavičín
Kaplice-nádraží,28,38242,Střítež-Kaplice 2
Obchvatová,995,53973,Skuteč
Smetanova,,53973,Skuteč
žel.zast.,,28123,Starý Kolín
Zámecká,1100,40777,Šluknov
Svojsíkova,339,40777,Šluknov
Třebohostice,41,25083,Škvorec
Lidická,72,25268,Středokluky
Švehlova,1503/85,66451,Šlapanice-Šlapanice u Brna
Wilsonova,781,27401,Slaný-Slaný 1
Hlavní,345,25168,Sulice-Kamenice
Slatinice,417,78342,Slatinice
Pod Kuželnou,80,74757,Slavkov-Slavkov u Opavy
Pražská,763,27401,Slaný-Slaný 1
Masarykova,134,53304,Sezemice
Zákostelí,541,79817,Smržice
Dr. E. Beneše,1145,39101,Sezimovo Ústí-Sezimovo Ústí 1
nám. Tomáše Bati,424,39102,Sezimovo Ústí-Sezimovo Ústí 2
Bavlnářská,360,51301,Semily
Bořkovská,573,51301,Semily
Na Mýtě,182/182,51301,Semily
Studnice,131,54948,Studnice
Dukelská,672,74242,Šenov u Nového Jičína
Lhotská,2464/19A,78501,Šternberk-Šternberk 1
Nádražní,44426,78501,Šternberk-Šternberk 1
Obchodní,2554/1,78501,Šternberk
Olomoucká 785,01,78501,Šternberk-Šternberk 1
Uničovská,2148/98,78501,Šternberk-Šternberk 1
Kateřinská,572,46303,Stráž nad Nisou
Zámecká,764,73923,Stará Ves nad Ondřejnicí
Komenského,1121,58291,Světlá nad Sázavou
Lánecká,597,58291,Světlá nad Sázavou
Na Bradle,994/994,58291,Světlá nad Sázavou
Stonařov,332,58833,Stonařov
Sobotín,248,78816,Sobotín
Alšova,1747,35601,Sokolov-Sokolov 1
B. Němcové,2229,35601,Sokolov-Sokolov 1
Jiráskova,957,35601,Sokolov-Sokolov 1
K. H. Borovského,2171,35601,Sokolov-Sokolov 1
Vítězná,2265,35601,Sokolov-Sokolov 1
Malé nám.,2270,35601,Sokolov-Sokolov 1
M. Majerové,2241,35601,Sokolov-Sokolov 1
Sobětuchy,56,53701,Sobětuchy
Nerudova,934,33202,Starý Plzenec
Hlavní,227/74,74728,Štěpánkovice
U Koupaliště,494,43101,Spořice
Revoluční,223,47127,Stráž pod Ralskem
nám. Nár. povst.,11,59202,Svratka
Gagarinova,1345,34901,Stříbro
U Věže,1806,34901,Stříbro
Hrádecká,1310,34201,Sušice-Sušice 1
Nádražní,1375,34201,Sušice-Sušice 1
Štěpánov nad Svratkou,13,59263,Štěpánov nad Svratkou
Hlavní,1164/206,69604,Svatobořice-Mistřín-Svatobořice
Cihelná,698,41108,Štětí
Starý Jičín,96,74231,Starý Jičín
Mírová,43/43,38601,Strakonice-Strakonice I
Staré Křečany,555,40761,Staré Křečany
Tovární,10,38601,Strakonice-Strakonice II
Hradišťská,1955,68603,Staré Město-Staré Město u Uherského Hradiště 3
Východn��,2063,68603,Staré Město-Staré Město u Uherského Hradiště 3
Hlavní,68,74791,Štítina
Osvobození,540,27303,Stochov
Nad Rybníkem,33,37373,Štěpánovice-Štěpánovice u Českých Budějovic
Strašice,40,33845,Strašice
Polní,1465,68401,Slavkov u Brna
Milana Rastislava Štefánika,318/1,78701,Šumperk 1
Gen. Krátkého,3,78701,Šumperk-Šumperk 1
Lidická,610/51,78701,Šumperk 1
nám. Republiky,2600/7,78701,Šumperk-Šumperk 1
Temenická,2779/85,78701,Šumperk-Šumperk 1
Uničovská,1785/32,78701,Šumperk-Šumperk 1
Šumperk,3188,78701,Šumperk
Zábřežská,1815/19,78701,Šumperk-Šumperk 1
Žerotínova,2833/46,78701,Šumperk-Šumperk 1
Sudkov,157,78821,Sudkov
Dostihová,653,76315,Slušovice
Plzeňská,42,33209,Štěnovice
Horní lán,1196/9,77900,Olomouc-Olomouc 9
Nerudova,193/2,56802,Svitavy-Svitavy 2
Riegrova,1624,56802,Svitavy-Svitavy 2
Richarda Kloudy,1639/6,56802,Svitavy-Svitavy 2
U Tří mostů,969/9,56802,Svitavy-Svitavy 2
Syrovice,274,66467,Syrovice
Spytihněv,,76364,Spytihněv
Husova,539/539,46851,Smržovka
Skalická,730,69662,Strážnice
Poznaňská,496,28506,Sázava
Průmyslová,332,28506,Sázava
Dělnické nám.,847/3,67401,Třebíč-Třebíč 1
Kosmákova,3,67401,Třebíč-Třebíč 1
Hrotovická,1202/27,67401,Třebíč-Třebíč 1
Modřínová,600/1,67401,Třebíč-Třebíč 1
Purkyňovo nám.,86/86,67401,Třebíč-Třebíč 1
Tomáše Bati,1090,67401,Třebíč-Třebíč 1
Okrajová,1167/4,67401,Třebíč-Třebíč 1
Třebovice,187,56124,Třebovice
Jihlavská,700/21,66441,Troubsko
Nádražní,641,37901,Třeboň
Svobody,1029,37901,Třeboň
Helsinská,2760/18,39005,Tábor-Tábor 5
Chýnovská,3192,39002,Tábor-Tábor 2
Kpt. Jaroše,2960,39003,Tábor-Tábor 3
U Jednoty,226,39002,Tábor-Tábor 2
Soběslavská,3046,39005,Tábor-Tábor 5
Soběslavská,2399,39002,Tábor 2
Soběslavská,3038,39002,Tábor-Tábor 2
Václava Soumara 2300 lok.18 unut,8,39003,Tábor-Tábor 3
V Zálesí,303,25226,Třebotov
Troubky,797,75102,Troubky
Táborská,111/1,67401,Třebíč-Třebíč 1
Antonína Sochora,1870,41501,Teplice-Teplice 1
Bohosudovská,29,41510,Teplice-Teplice 10
Březová,3040,41501,Teplice-Teplice 1
Buzulucká,472,41503,Teplice-Teplice 3
Doubravická,1691,41501,Teplice-Teplice 1
Duchcovská,3132,41501,Teplice-Teplice 1
Stará Duchcovská,242/90,41503,Teplice-Teplice 3
Gagarinova,1423,41501,Teplice-Teplice 1
Gen. Svobody,1461,41501,Teplice-Teplice 1
Hrázní,1897,41501,Teplice-Teplice 1
Maršovská,1539/3,41501,Teplice-Teplice 1
Nákladní,3201,41501,Teplice-Teplice 1
nám. Svobody,3316,41501,Teplice-Teplice 1
Pražská,300,41501,Teplice-Teplice 1
Svahová,1698,41501,Teplice-Teplice 1
Revoluční,1206/6,58901,Třešť
Tehov,3,25101,Tehov
Budovatelská,916,37401,Trhové Sviny
Hornická,1449,34701,Tachov-Tachov 1
Oldřichovská,1437,34701,Tachov-Tachov 1
Sokolovská,2164,34701,Tachov-Tachov 1
Tichá,444,74274,Tichá
Dlouhá,1981,66601,Tišnov-Tišnov 1
Dřínová,1683,66601,Tišnov-Tišnov 1
Dvořákova,314,66601,Tišnov-Tišnov 1
Horova,958,66601,Tišnov-Tišnov 3
Za Mlýnem,458,66601,Tišnov-Tišnov 1
Dačická,613,58856,Telč
Draha,110,66459,Telnice-Telnice u Brna
Náměstí,353,53843,Třemošnice
Nádražní,852,76362,Tlumačov
Trnava,186,67401,Trnava
Dukelská,1137,73961,Třinec-Třinec 1
nám. Svobody,527,73961,Třinec-Třinec 1
Nebory,613/613,73961,Třinec-Třinec 1
Sosnová,411,73961,Třinec-Třinec 1
1 Třinec 1 CZ,,73961,Třinec-Třinec 1
Mostecká,1063,51721,Týniště nad Orlicí
Chrást nad Sázavou,243,25742,Týnec nad Sázavou-Krhanice
Hlinecká,745,37501,Týn nad Vltavou 1
Orlická,555,37501,Týn nad Vltavou-Týn nad Vltavou 1
Průmyslová,643,37501,Týn nad Vltavou-Týn nad Vltavou 1
Náměstí,34,27302,Tuchlovice
Topolná,204,68711,Topolná
Přemyslova,661,50346,Třebechovice pod Orebem
Horní Staré Město,696,54102,Trutnov-Trutnov 4
Maxima Gorkého,453,54101,Trutnov-Trutnov 1
Polská,367,54101,Trutnov-Trutnov 1
Za Cihelnou,533,54101,Trutnov-Trutnov 1
Alešova,1865,51101,Turnov-Turnov 1
Sobotecká,580,51101,Turnov-Turnov 1
Marie Podvalové,334,27715,Tišice
Malé nám.,469,36401,Toužim
Palackého,545,46841,Tanvald
Tyršova,314,66453,Újezd u Brna
Dolní valy,631,68801,Uherský Brod-Uherský Brod 1
Močidla,2873,68801,Uherský Brod-Uherský Brod 1
Na Láně,2009,68801,Uherský Brod-Uherský Brod 1
Vlčnovská,2462,68801,Uherský Brod-Uherský Brod 1
Na Rybníku,973,68601,Uherské Hradiště-Uherské Hradiště 5
Velehradská tř.,1300,68601,Uherské Hradiště-Uherské Hradiště 1
Sadová,1368,68605,Uherské Hradiště-Uherské Hradiště 5
Pražská,836,27351,Unhošť
Újezd,78,78396,Újezd
Dukelská,1157,78391,Uničov-Uničov 1
Litovelská,1279,78391,Uničov-Uničov 1
Šumperská,530,78391,Uničov-Uničov 1
Čechova,772/2,40007,Ústí nad Labem-Neštěmice-Krásné Březno
Dukel. hrdinů,779/779,40001,Ústí nad Labem-Ústí nad Labem-město
Haví��ská,354,40010,Ústí nad Labem-město
Hornická,11/2515,40011,Ústí nad Labem-Ústí nad Labem-město
Jana Zajíce,2884/19,40011,Ústí nad Labem-Severní Terasa
Klíšská,996/135,40001,Ústí nad Labem-město-Klíše
Krušnohorská,2890/7,40011,Ústí nad Labem-Severní Terasa
Ladova,2548/38,40011,Ústí nad Labem-Severní Terasa
Maková,2801/1,40011,Ústí nad Labem-Ústí nad Labem-Severní Terasa
Malátova,2446/16,40011,Ústí nad Labem-město
Ulice Masarykova,974/232,40001,Ústí nad Labem-město
Mírová,2700,40011,Ústí nad Labem-Severní Terasa
Novosedlické nám.,1239/2,40003,Ústí nad Labem-Ústí nad Labem-Střekov
Obvodová,732/20,40007,Ústí nad Labem-Neštěmice-Krásné Březno
Peškova,504,40331,Ústí nad Labem-Neštěmice-Mojžíř
Seifertova,574,40331,Ústí nad Labem-Ústí nad Labem-Neštěmice
Seifertova,398/398,40331,Ústí nad Labem-Ústí nad Labem-Neštěmice
SNP,2379/24,40011,Ústí nad Labem-město-Ústí nad Labem-centrum
Špálova,2684/1,40011,Ústí nad Labem-Severní Terasa
Šrámkova,3218/22,40011,Ústí nad Labem-Ústí nad Labem-Severní Terasa
Tolstého,39/41,40003,Ústí nad Labem-Střekov
Globus,,40004,Trmice
U Pivovarské zahrady,794/7,40007,Ústí nad Labem-Neštěmice-Krásné Březno
Vojanova,606/35,40007,Ústí nad Labem-Neštěmice-Krásné Březno
Žižkova,3363/78,40001,Ústí nad Labem-Ústí nad Labem-město
Žižkova,3500/24,40001,Ústí nad Labem-město-Ústí nad Labem-centrum
XCH3+H2 Ústí nad Orlicí,,,Czechia
Dukelská,332,56201,Ústí nad Orlicí-Ústí nad Orlicí 1
Sokolská,217,56204,Ústí nad Orlicí-Ústí nad Orlicí 1
K Netlukám,,10400,Praha-Praha 22
Úněšov,34,33038,Úněšov
Boční,620,66471,Veverská Bítýška
Nádražní I,748,78353,Velká Bystřice
Vlkovská,608,59501,Velká Bíteš
Lomená,711/711,59501,Velká Bíteš
Vrbátky,68,79813,Vrbátky
Jiřičkova,663,37382,Včelná-Boršov nad Vltavou
Vlkonice,136,38486,Vacov
Vidče,96,75653,Vidče
Vendryně,928,73994,Vendryně
Budějovická,672,38901,Vodňany-Vodňany II
Dr. Hajného,1285,38901,Vodňany-Vodňany II
Výstavní,1266,38901,Vodňany-Vodňany II
Veselá,17,76315,Veselá
Palackého,544,28101,Velim
Družstevní,1435/2A,59401,Velké Meziříčí
Sídliště,531,38232,Velešín
Opavská,32,74775,Velké Heraltice
Velké Hamry,402,46845,Velké Hamry
Višňové,296,67138,Višňové
Křimická,508,33027,Vejprnice
Velké Karlovice,906,75606,Velké Karlovice
Komenského,127,74901,Vítkov-Vítkov 1
Opavská,950,74901,Vítkov-Vítkov 1
Cyrilometodějská,772,76601,Valašské Klobouky
Masarykovo nám.,53,76601,Valašské Klobouky
Salašská,269,68706,Velehrad
Fügnerova,572/572,54301,Vrchlabí-Vrchlabí 1
Lánovská,464,54301,Vrchlabí-Vrchlabí 1
Lidická,1792/1792,25801,Vlašim
Vlasákova,1635,25801,Vlašim
Okružní,1884,25801,Vlašim
Budějovická,400,38232,Velešín
U Kachtíků,,76315,Všemina-Slušovice
U Apolla,801,75701,Valašské Meziříčí-Valašské Meziříčí 1
Masarykova,671/33,75701,Valašské Meziříčí-Valašské Meziříčí 1
Nádražní,929,75701,Valašské Meziříčí-Valašské Meziříčí 1
Na Tržnici,758,75701,Valašské Meziříčí-Valašské Meziříčí 1
Sokolská,143/143,75701,Valašské Meziříčí-Valašské Meziříčí 1
Štěpánov,728,75701,Valašské Meziříčí-Valašské Meziříčí 1
Zašovská,236,75701,Valašské Meziříčí-Valašské Meziříčí 1
Dvořákova,48,51754,Vamberk
Jiráskova,412,51754,Vamberk
tř. Masarykova,1663,69801,Veselí nad Moravou
Kmochova,2369,40747,Varnsdorf-Varnsdorf 1
Legií,2772,40747,Varnsdorf-Varnsdorf 1
Žitavská,857,40747,Varnsdorf-Varnsdorf 1
Ak. Bydžovského,553,39181,Veselí nad Lužnicí-Veselí nad Lužnicí 1
J. V. Sládka,699,39181,Veselí nad Lužnicí-Veselí nad Lužnicí 1
Hutník,1503,69801,Veselí nad Moravou
Chaloupky,1755,69801,Veselí nad Moravou
Vlčnov,1035,68761,Vlčnov
škola,,28151,Velký Osek
nám. Míru,519,67963,Velké Opatovice
Pod Strážnicí,667,67963,Velké Opatovice
Náměstí,563,54932,Velké Poříčí
1. máje,200,38501,Vimperk
K. Weise,668,38501,Vimperk
Mírová,469,38501,Vimperk
Drahy,402,69642,Vracov
Mírové nám.,141,40725,Verneřice
Čáslavská,14,28571,Vrdy
Chrudimská,284,28571,Vrdy
Moskevská,1243,43191,Vejprty
Osvobození,294/294,74285,Vřesina-Vřesina u Bílovce
Míru,344,38273,Vyšší Brod
Dráby,936,56601,Vysoké Mýto
Ležáků,722,56601,Vysoké Mýto
Pivovarská,524,56601,Vysoké Mýto
Bratří Hlaviců,78/78,75501,Vsetín-Vsetín 1
Dolní Jasenka,873,75501,Vsetín-Vsetín 1
Jasenická,1795,75501,Vsetín-Vsetín 1
Jiráskova,2062,75501,Vsetín-Vsetín 1
Mostecká,364,75501,Vsetín-Vsetín 1
Okružní,204,75501,Vsetín-Vsetín 1
Školní,1880,75501,Vsetín-Vsetín 1
Tyršova,1434,75501,Vsetín-Vsetín 1
Mírové nám.,567,40778,Velký Šenov
Husova,471,25901,Votice
Šumavská,284,38211,Větřní
Velký Týnec,,78372,Velký Týnec-Velký Týnec 1
Na Kříbě,58,78372,Velký Týnec-Velký Týnec 1
Strmá,900/7,73932,Vratimov-Vratimov 1
Velký Újezd,138,78355,Velký Újezd
Všeruby,2,33016,Všeruby
Na Bítýškách,593,66471,Veverská Bítýška
Velká nad Veličkou,586,69674,Velká nad Veličkou
nám. Svobody,36,38701,Volyně
Vysoká nad Labem,22,50331,Vysoká nad Labem
Brněnská,514/13c,68201,Vyškov 1
Hybešova,643,68201,Vyškov-Vyškov 1
Maxima Gorkého,554,68201,Vyškov-Vyškov 1
Puškinova,419,68201,Vyškov-Vyškov 1
Sportovní,648/1,68201,Vyškov-Vyškov-Předměstí
Vizovice,394,76312,Vizovice
789,01,,Zábřeh
Na Hejtmance,5,78901,Zábřeh
Zámostí,422,33808,Zbiroh
Hlavní,1114,75654,Zubří
U Polikliniky,1134,56401,Žamberk
Šlapalova,364,66484,Zbraslav-Zastávka u Brna
Nádražní,303,66463,Žabčice
U Továrny,1,25066,Zdiby
Zlechov,450,68710,Zlechov
Krnovská,148,79376,Zlaté Hory-Zlaté Hory v Jeseníkách
nám. Míru,157,67526,Želetava
náves,,76001,Zlín-Zlín 1
nám. Míru,5469,76001,Zlín-Zlín 1
Česká,5384,76005,Zlín-Zlín 5
Ke Křibům,5019,76001,Zlín-Zlín 1
Křiby,4718,76005,Zlín-Zlín 5
Kúty,4345,76001,Zlín-Zlín 1
L. Váchy,517,76001,Zlín-Zlín 1
Mokrá II,353,76001,Zlín-Zlín 1
Na Honech I,5541,76005,Zlín-Zlín 5
nám. Práce,2512,76001,Zlín-Zlín 1
Prostřední,516,76001,Zlín-Zlín 1
Průmyslová zóna Cecilka,,76001,Zlín-Zlín 1
Štefánikova,477,76001,Zlín-Zlín 1
tř. Svobody,1244,76302,Zlín-Zlín 4
tř. Tomáše Bati,87,76001,Zlín-Zlín 1
tř. Tomáše Bati,165,76001,Zlín-Zlín 1
tř. Tomáše Bati,468,76302,Zlín-Zlín 4
tř. Tomáše Bati,399,76302,Zlín-Zlín 4
tř. 3. května,1198,76302,Zlín-Zlín 4
Tyršovo nábř.,69,76001,Zlín-Zlín 1
U Zimního stadionu,4286,76001,Zlín-Zlín 1
Václavská,118,76001,Zlín-Zlín 1
Vršava I,4975,76001,Zlín-Zlín 1
tř. Svobody,1314,76302,Zlín-Zlín 4
Dolní nám.,572,37344,Zliv
Nádražní,1135,56401,Žamberk
Sokolská,272,28144,Zásmuky
Brodská,25,58263,Ždírec nad Doubravou
Dvořákova,242,27371,Zlonice
Dobšická,17,67182,Znojmo-Znojmo 2
Mičurinova,3620/2,66902,Znojmo-Znojmo 2
Pod Svatým Janem,419/2,66904,Znojmo-Znojmo 4
Přímětická,1812,66902,Znojmo-Znojmo 2
V34C+HX,,66902,Znojmo-Znojmo 2
Purkyňova,477/19,59102,Žďár nad Sázavou-Žďár nad Sázavou 2
Bří Čapků,1114/2,59101,Žďár nad Sázavou-Žďár nad Sázavou 4
Brodská,1835/10,59101,Žďár nad Sázavou-Žďár nad Sázavou 1
Okružní,968/79,59101,Žďár nad Sázavou-Žďár nad Sázavou 1
Za Horou,2243/1,59401,Velké Meziříčí
Žitná,1084,59101,Žďár nad Sázavou-Žďár nad Sázavou 1
Židlochovice,52,66701,Židlochovice
nám. Míru,153,66701,Židlochovice
1. máje,1043,28522,Zruč nad Sázavou-Zruč nad Sázavou 1
nám. Míru,594,28522,Zruč nad Sázavou-Zruč nad Sázavou 1
Ráztocká,119,43801,Žatec-Žatec 1
nám. Kruhové,3233,43801,Žatec 1
Podměstí,2126,43801,Žatec-Žatec 1
Stavbařů,2811,43801,Žatec-Žatec 1
Purkyňova,114,36452,Žlutice
Oslavanská,225,66411,Zbýšov-Zbýšov u Brna
